,fips,values
0,1001,8612118.230362464
1,1003,4246884.327567699
2,1005,-13369679.010270635
3,1007,0.0
4,1009,0.0
5,1011,0.0
6,1013,21103685.790743206
7,1015,0.0
8,1017,0.0
9,1019,0.0
10,1021,0.0
11,1023,0.0
12,1025,0.0
13,1027,0.0
14,1029,0.0
15,1031,0.0
16,1033,0.0
17,1035,0.0
18,1037,0.0
19,1039,0.0
20,1041,0.0
21,1043,0.0
22,1045,0.0
23,1047,0.0
24,1049,0.0
25,1051,0.0
26,1053,0.0
27,1055,27966472.67131664
28,1057,0.0
29,1059,0.0
30,1061,0.0
31,1063,0.0
32,1065,0.0
33,1067,0.0
34,1069,0.0
35,1071,0.0
36,1073,0.0
37,1075,0.0
38,1077,0.0
39,1079,7968606.347965146
40,1081,0.0
41,1083,0.0
42,1085,0.0
43,1087,0.0
44,1089,0.0
45,1091,32055704.759292383
46,1093,0.0
47,1095,-6636843.558467827
48,1097,0.0
49,1099,8575945.88954238
50,1101,0.0
51,1103,0.0
52,1105,3170025.135062617
53,1107,0.0
54,1109,28553167.993327674
55,1111,0.0
56,1113,943134.0059629816
57,1115,2629376.660353348
58,1117,1882286.2514771179
59,1119,-18237505.425113104
60,1121,7769503.703327043
61,1123,11020360.697191153
62,1125,9198897.603286888
63,1127,15458131.658074653
64,1129,505344.4301977817
65,1131,18442727.86482368
66,1133,0.0
67,4001,23975795.044305727
68,4003,-9079570.10814229
69,4005,-544699.4250389653
70,4007,0.0
71,4009,11094935.903028876
72,4011,0.0
73,4012,1127094.3748333664
74,4013,-952020.5624345914
75,4015,0.0
76,4017,3368866.970453
77,4019,0.0
78,4021,0.0
79,4023,0.0
80,4025,8737596.610875694
81,4027,9072609.114921166
82,5001,3432776.8719173903
83,5003,-16092253.134422634
84,5005,0.0
85,5007,0.0
86,5009,0.0
87,5011,0.0
88,5013,0.0
89,5015,-6507215.414369714
90,5017,-8809596.052258534
91,5019,10237141.768214462
92,5021,10477148.899905099
93,5023,2796780.421109601
94,5025,13527909.985498972
95,5027,-1202968.4153456732
96,5029,10007915.661413787
97,5031,9717389.715007389
98,5033,18251315.328140374
99,5035,14681816.953039424
100,5037,15429588.280753907
101,5039,16064719.368170533
102,5041,65889742.28547056
103,5043,15179420.329758272
104,5045,0.0
105,5047,59180236.41494198
106,5049,161491454.8554795
107,5051,0.0
108,5053,7076655.845944614
109,5055,-16756818.004225794
110,5057,50393800.42913959
111,5059,0.0
112,5061,-17818008.531948574
113,5063,0.0
114,5065,-7531294.202316915
115,5067,-5603120.281226337
116,5069,0.0
117,5071,1535982.583655171
118,5073,58741229.0277309
119,5075,-4894857.819558509
120,5077,2386143.80740418
121,5079,-4327434.808749378
122,5081,-8776353.052308572
123,5083,45148806.22715104
124,5085,0.0
125,5087,61356389.49867381
126,5089,-3960641.6064534257
127,5091,-6347223.905625927
128,5093,-6210918.251707186
129,5095,3800123.4314356176
130,5097,12167410.562033802
131,5099,-159985088.9160637
132,5101,11072428.472663527
133,5103,-9996034.984747445
134,5105,42306781.60692568
135,5107,1161874.8705847692
136,5109,-7950276.829217101
137,5111,40254540.64021889
138,5113,0.0
139,5115,-13531230.373259583
140,5117,0.0
141,5119,-887462.3660301857
142,5121,0.0
143,5123,-20446825.453550536
144,5125,-1318878.694929388
145,5127,-10765959.120882565
146,5129,0.0
147,5131,-32792566.812881023
148,5133,0.0
149,5135,-9053750.44177494
150,5137,45285171.62669056
151,5139,0.0
152,5141,-6710940.106015184
153,5143,0.0
154,5145,-8024278.966774367
155,5147,-44393.93098102704
156,5149,-12437065.898015413
157,6001,0.0
158,6003,-22099652.702039927
159,6005,0.0
160,6007,3907879.6636903672
161,6009,0.0
162,6011,0.0
163,6013,109947942.64167
164,6015,26744400.766819976
165,6017,214069613.90332878
166,6019,-21944765.668356996
167,6021,-184972185.34593898
168,6023,3156040.0102076833
169,6025,-30381249.03603408
170,6027,-4033194.2550889426
171,6029,-4607703.161276396
172,6031,-26962998.528415665
173,6033,2153396.0613642894
174,6035,73877857.30763146
175,6037,-10240111.714963762
176,6039,65509980.127669364
177,6041,-28534009.759020492
178,6043,1534152.1691651952
179,6045,15102460.954590378
180,6047,-19490384.458896328
181,6049,7731546.255817715
182,6051,-84419.3689928472
183,6053,0.0
184,6055,1705813.2579346474
185,6057,-729875.0634962439
186,6059,0.0
187,6061,-10641567.951335216
188,6063,-17296259.148645196
189,6065,1523060.7715325386
190,6067,3936730.4838796738
191,6069,6325155.287574539
192,6071,0.0
193,6073,-10311421.227807082
194,6075,5913058.987211304
195,6077,0.0
196,6079,0.0
197,6081,-2948788.457257615
198,6083,0.0
199,6085,9148932.341462249
200,6087,-4050318.974576051
201,6089,55637391.49294697
202,6091,0.0
203,6093,14376535.589388141
204,6095,-25465029.36642508
205,6097,0.0
206,6099,28144551.701958034
207,6101,-4379097.4663875
208,6103,-3343958.9772961014
209,6105,463864.8960721989
210,6107,7105348.966736879
211,6109,0.0
212,6111,-7509513.834077435
213,6113,0.0
214,6115,-9917289.239913862
215,8001,0.0
216,8003,0.0
217,8005,0.0
218,8007,-19000225.522888817
219,8009,88280404.04852238
220,8011,0.0
221,8013,-11246716.854032693
222,8014,14216182.087023022
223,8015,16401794.898405084
224,8017,6267911.397864512
225,8019,-8457517.1158246
226,8021,5573360.882739022
227,8023,-5126795.0888549555
228,8025,-15155261.485055286
229,8027,14826677.930316081
230,8029,0.0
231,8031,-7160933.057335562
232,8033,12336658.48466915
233,8035,-3126597.1869063224
234,8037,2118467.412417704
235,8039,5929569.774839625
236,8041,-6084636.657779483
237,8043,-4365666.093304397
238,8045,589450.2304248406
239,8047,-3821960.5276788417
240,8049,0.0
241,8051,-8638733.34962213
242,8053,-10700782.713454101
243,8055,-3196280.6922471575
244,8057,-916545.4569672041
245,8059,2911418.3639691006
246,8061,0.0
247,8063,18882248.128365744
248,8065,0.0
249,8067,0.0
250,8069,0.0
251,8071,20126894.631998096
252,8073,8649486.137005359
253,8075,0.0
254,8077,0.0
255,8079,6490060.337748974
256,8081,-18598797.318327524
257,8083,8009278.099804555
258,8085,10443758.096755255
259,8087,0.0
260,8089,0.0
261,8091,0.0
262,8093,3074009.3237851467
263,8095,6721990.844946767
264,8097,0.0
265,8099,3374160.9222811074
266,8101,0.0
267,8103,-10354818.16012836
268,8105,0.0
269,8107,0.0
270,8109,4073999.495015919
271,8111,5749507.518232812
272,8113,0.0
273,8115,9537938.922102656
274,8117,0.0
275,8119,0.0
276,8121,3863532.0544849085
277,8123,-37010.27978629768
278,8125,23684663.981596645
279,9001,-6613449.615595397
280,9003,5272357.425050288
281,9005,0.0
282,9007,0.0
283,9009,4525540.519736701
284,9011,27449309.72299275
285,9013,2018051.6164846136
286,9015,-15652547.551367512
287,10001,-1262436.556986913
288,10003,13367761.32698807
289,10005,4091158.067116742
290,11001,4352869.0545981275
291,12001,34644180.61139941
292,12003,37674492.478733905
293,12005,0.0
294,12007,-36640870.273910984
295,12009,172601.49172632772
296,12011,49582947.80502247
297,12013,0.0
298,12015,4067396.9657736844
299,12017,17977870.96575953
300,12019,0.0
301,12021,0.0
302,12023,0.0
303,12027,21367336.09705935
304,12029,0.0
305,12031,0.0
306,12033,0.0
307,12035,-6511651.648665127
308,12037,23977647.231407013
309,12039,32630039.092518464
310,12041,72063702.01388848
311,12043,0.0
312,12045,2441073.8139572754
313,12047,3261573.196137479
314,12049,50087854.395153016
315,12051,-2284702.0370215625
316,12053,0.0
317,12055,0.0
318,12057,-4847195.521488322
319,12059,32522844.718777325
320,12061,511991.3939009537
321,12063,2829677.161085113
322,12065,12239815.113852037
323,12067,22432256.95300344
324,12069,-5460765.711281101
325,12071,-10591308.136615686
326,12073,7486435.669229208
327,12075,0.0
328,12077,1415140.2915919921
329,12079,0.0
330,12081,22219476.81174897
331,12083,4232669.114015894
332,12085,8951636.105738752
333,12086,-20866819.04054459
334,12087,-6033920.582239038
335,12089,15448309.564719032
336,12091,8769018.064981993
337,12093,1696984.8088095104
338,12095,15060532.319766538
339,12097,27467833.529697787
340,12099,0.0
341,12101,794378.8343629777
342,12103,-4622249.962619891
343,12105,-10225740.997862227
344,12107,15967303.443756294
345,12109,3036707.245712233
346,12111,45086719.773105614
347,12113,25211188.36709936
348,12115,13453565.760491682
349,12117,22826722.617351368
350,12119,5484083.852203419
351,12121,29040366.958988808
352,12123,-15780712.117131712
353,12125,30935484.92424477
354,12127,30331985.224206418
355,12129,6405336.580993684
356,12131,26945374.77953232
357,12133,66506133.380593486
358,13001,43696981.33839734
359,13003,14276871.408390893
360,13005,62958552.09698201
361,13007,8763229.435995096
362,13009,6187172.831500853
363,13011,28380144.851742752
364,13013,5924631.164019312
365,13015,48305028.18570864
366,13017,10464844.68066298
367,13019,0.0
368,13021,-22284622.88732733
369,13023,-13438102.275518512
370,13025,0.0
371,13027,-6423892.015467646
372,13029,2327321.0860171258
373,13031,0.0
374,13033,0.0
375,13035,9759195.066494295
376,13037,0.0
377,13039,0.0
378,13043,0.0
379,13045,2503244.322846353
380,13047,22119417.224043716
381,13049,0.0
382,13051,0.0
383,13053,0.0
384,13055,0.0
385,13057,-20721590.824226405
386,13059,-6650500.26430135
387,13061,-4467491.7785812225
388,13063,27451987.44055469
389,13065,5765672.587062832
390,13067,-2128174.6586154844
391,13069,-8271068.073009407
392,13071,-5440490.208658141
393,13073,-47677.29483787128
394,13075,-8623184.567622773
395,13077,5600007.937978905
396,13079,-14556045.77552467
397,13081,-11233793.197793081
398,13083,-33373874.145432197
399,13085,-5312147.564019235
400,13087,7149347.370021095
401,13089,0.0
402,13091,0.0
403,13093,-3348678.4100002823
404,13095,-9867125.625018902
405,13097,7480367.252777677
406,13099,5870415.190526913
407,13101,-6695413.695849905
408,13103,1082264.4516071691
409,13105,-6636960.2308266265
410,13107,14301618.683346272
411,13109,9452716.932850536
412,13111,-4127665.8747367016
413,13113,-6125909.265037882
414,13115,-7890541.239381852
415,13117,12554237.8942384
416,13119,6752501.042038894
417,13121,-10440437.2313935
418,13123,-10449486.190986883
419,13125,37987678.477437615
420,13127,614865.0798164186
421,13129,13048667.835490037
422,13131,0.0
423,13133,18037260.780678242
424,13135,0.0
425,13137,0.0
426,13139,0.0
427,13141,206000.73720060664
428,13143,0.0
429,13145,394842.49992814224
430,13147,22715247.12775655
431,13149,0.0
432,13151,0.0
433,13153,-7538737.39616947
434,13155,-397386.5599107033
435,13157,-4162224.1572098034
436,13159,6919031.302979527
437,13161,0.0
438,13163,11062859.773018453
439,13165,-11482085.775750095
440,13167,614975.7206964572
441,13169,1966326.0444645733
442,13171,3625712.2720930725
443,13173,8161166.728816028
444,13175,6839912.714644463
445,13177,0.0
446,13179,3268188.514476384
447,13181,12223495.454154035
448,13183,0.0
449,13185,3974029.704212796
450,13187,0.0
451,13189,17633530.200348116
452,13191,0.0
453,13193,1720195.5678270957
454,13195,0.0
455,13197,10749876.463210437
456,13199,-20265723.570238806
457,13201,-16175858.767094923
458,13205,5035331.7799066
459,13207,-200190.94529388606
460,13209,-8467564.596932214
461,13211,-1809377.8986564132
462,13213,-6574165.818254261
463,13215,-6641431.46716966
464,13217,9654616.399895187
465,13219,-7879167.269510502
466,13221,22605988.273793686
467,13223,24466061.7131949
468,13225,-128282379.93731882
469,13227,14607964.638015067
470,13229,0.0
471,13231,-3048621.588350016
472,13233,25150329.7947572
473,13235,21309699.58518246
474,13237,0.0
475,13239,-32073467.04621331
476,13241,61708579.23263471
477,13243,-1809484.2417369012
478,13245,-9150651.680831118
479,13247,-17356436.21560579
480,13249,40802419.386997364
481,13251,8569717.87712042
482,13253,-18792291.065001566
483,13255,0.0
484,13257,6324516.382926757
485,13259,2532807.9531631023
486,13261,14296572.51780003
487,13263,4502935.638974277
488,13265,15924775.206220942
489,13267,-2798492.4188695196
490,13269,0.0
491,13271,18436154.50236112
492,13273,-27200959.7676662
493,13275,5503792.363977033
494,13277,-8307318.035031142
495,13279,-3566006.574309284
496,13281,1057881.8788527076
497,13283,0.0
498,13285,-12857970.368446914
499,13287,-10983580.913809739
500,13289,155787836.11438853
501,13291,40255224.912309766
502,13293,0.0
503,13295,105835638.14865851
504,13297,-2803548.4329839945
505,13299,-9452868.57673019
506,13301,-6251344.412143154
507,13303,-1233070.7743368773
508,13305,7320245.719093908
509,13307,-1841493.5903774768
510,13309,5997527.088317639
511,13311,8502015.224147776
512,13313,72200793.89772509
513,13315,-3726571.3437185534
514,13317,2837888.314878154
515,13319,-19971519.678949423
516,13321,-2642243.482577276
517,16001,6473610.882025181
518,16003,2122846.498817062
519,16005,-2803522.3682467756
520,16007,-12389608.233453661
521,16009,38473156.948494904
522,16011,2987185.7231998127
523,16013,1666278.2687063294
524,16015,-18272693.306588937
525,16017,45390502.819615945
526,16019,4054863.6213867688
527,16021,6142440.908208468
528,16023,-6341304.333552793
529,16025,610865.3828221092
530,16027,7068239.872498153
531,16029,-2967552.8809454753
532,16031,-2523390.7655322
533,16033,-13257998.030809337
534,16035,0.0
535,16037,0.0
536,16039,28194192.537205607
537,16041,0.0
538,16043,593156.0171122315
539,16045,8993395.158859357
540,16047,-2502430.6117631327
541,16049,3483009.8939692043
542,16051,-2145117.762137925
543,16053,-3447013.5261292476
544,16055,9838644.120204868
545,16057,3816812.788258715
546,16059,6233011.071388674
547,16061,0.0
548,16063,-6869095.981065759
549,16065,6957678.001922106
550,16067,-9827230.669062492
551,16069,0.0
552,16071,62476982.470957495
553,16073,-17505169.02371675
554,16075,-4944811.693483599
555,16077,0.0
556,16079,-10048306.811075043
557,16081,6137963.376515523
558,16083,-38893312.77892298
559,16085,-10475414.189874345
560,16087,0.0
561,17001,-476149.8959629163
562,17003,-16818130.417254057
563,17005,7189690.371838187
564,17007,-7794939.244518279
565,17009,44564407.67287391
566,17011,8441545.060014129
567,17013,50332133.52350053
568,17015,51004603.0998141
569,17017,37022513.333258644
570,17019,-24371.336138973013
571,17021,0.0
572,17023,-4242975.4004131835
573,17025,51163466.71673169
574,17027,-12012613.068895184
575,17029,0.0
576,17031,0.0
577,17033,4291632.095710581
578,17035,8313595.821880557
579,17037,151231674.43666276
580,17039,8303521.860446933
581,17041,0.0
582,17043,21965237.200040273
583,17045,-12278822.00510541
584,17047,0.0
585,17049,-10892602.97988637
586,17051,0.0
587,17053,56537297.34476811
588,17055,38255407.05650411
589,17057,27130323.626713734
590,17059,0.0
591,17061,-2870054.2137837
592,17063,10075502.722291352
593,17065,0.0
594,17067,-5204767.54342459
595,17069,63930384.23511571
596,17071,85176275.18923132
597,17073,-14837891.345919922
598,17075,59892743.78517499
599,17077,0.0
600,17079,338897.9308957148
601,17081,9626265.33310241
602,17083,7780979.439858988
603,17085,142579273.8628126
604,17087,37074703.38452441
605,17089,0.0
606,17091,-400095.14434035466
607,17093,6626089.0600761175
608,17095,70057554.62150875
609,17097,4936746.656531625
610,17099,4280387.084466554
611,17101,63627322.26631516
612,17103,0.0
613,17105,13853878.958495822
614,17107,3410544.8798113195
615,17109,-5194603.34940459
616,17111,68289578.2959636
617,17113,85650935.74147977
618,17115,-12698187.59910391
619,17117,0.0
620,17119,9550297.87690416
621,17121,77969648.89954388
622,17123,18098703.546294317
623,17125,9003603.592099465
624,17127,25398258.90308564
625,17129,160342.68202777943
626,17131,13435528.81585538
627,17133,244480277.4891886
628,17135,0.0
629,17137,-4868653.846404761
630,17139,-1018742.7284837067
631,17141,4325455.756569607
632,17143,1357577.9048478566
633,17145,1467883.4489954107
634,17147,29489548.447599635
635,17149,18578116.298423678
636,17151,2325913.8108353517
637,17153,757025.6714455053
638,17155,0.0
639,17157,-693137.9191534147
640,17159,5974449.218413244
641,17161,17012861.368426424
642,17163,-11200130.641613068
643,17165,-1895919.141345926
644,17167,7059477.212045798
645,17169,21886950.163160887
646,17171,14208181.092008865
647,17173,3936145.4628402046
648,17175,198350250.68714738
649,17177,-1300035.6164723553
650,17179,0.0
651,17181,15194.193954695249
652,17183,18007999.342362005
653,17185,-611289.4259155132
654,17187,46447270.98898217
655,17189,-9735966.94740294
656,17191,598452.3931568292
657,17193,13778109.119035494
658,17195,57733.299248045594
659,17197,4032601.25590802
660,17199,86463666.00861138
661,17201,99028983.76470552
662,17203,0.0
663,18001,1467506.470400393
664,18003,420010.860866181
665,18005,0.0
666,18007,-324614.6618963048
667,18009,5640273.811986583
668,18011,4032268.873291927
669,18013,4982429.945117203
670,18015,38842297.64351042
671,18017,1799195.8498180886
672,18019,0.0
673,18021,0.0
674,18023,0.0
675,18025,-4702043.88649804
676,18027,-277032.54675458896
677,18029,0.0
678,18031,3200863.1224600724
679,18033,0.0
680,18035,12481293.61035487
681,18037,0.0
682,18039,0.0
683,18041,0.0
684,18043,0.0
685,18045,0.0
686,18047,0.0
687,18049,0.0
688,18051,0.0
689,18053,0.0
690,18055,0.0
691,18057,0.0
692,18059,0.0
693,18061,0.0
694,18063,0.0
695,18065,0.0
696,18067,0.0
697,18069,0.0
698,18071,0.0
699,18073,0.0
700,18075,0.0
701,18077,0.0
702,18079,0.0
703,18081,0.0
704,18083,0.0
705,18085,0.0
706,18087,0.0
707,18089,0.0
708,18091,0.0
709,18093,0.0
710,18095,0.0
711,18097,0.0
712,18099,-4158419.668482137
713,18101,0.0
714,18103,0.0
715,18105,0.0
716,18107,0.0
717,18109,-13146315.858263602
718,18111,0.0
719,18113,-9894595.731622133
720,18115,1012624.5293421239
721,18117,0.0
722,18119,0.0
723,18121,-47001699.57511625
724,18123,57383511.49084192
725,18125,5013619.713852071
726,18127,96895142.64435808
727,18129,0.0
728,18131,0.0
729,18133,0.0
730,18135,0.0
731,18137,0.0
732,18139,0.0
733,18141,0.0
734,18143,0.0
735,18145,10534438.522994023
736,18147,0.0
737,18149,0.0
738,18151,0.0
739,18153,0.0
740,18155,0.0
741,18157,0.0
742,18159,0.0
743,18161,0.0
744,18163,0.0
745,18165,0.0
746,18167,0.0
747,18169,0.0
748,18171,0.0
749,18173,0.0
750,18175,0.0
751,18177,0.0
752,18179,0.0
753,18181,0.0
754,18183,0.0
755,19001,0.0
756,19003,0.0
757,19005,17438030.977602135
758,19007,0.0
759,19009,0.0
760,19011,0.0
761,19013,0.0
762,19015,0.0
763,19017,0.0
764,19019,0.0
765,19021,0.0
766,19023,0.0
767,19025,-19173257.593547333
768,19027,2836880.0576349213
769,19029,0.0
770,19031,0.0
771,19033,0.0
772,19035,0.0
773,19037,0.0
774,19039,0.0
775,19041,0.0
776,19043,0.0
777,19045,0.0
778,19047,0.0
779,19049,0.0
780,19051,0.0
781,19053,0.0
782,19055,0.0
783,19057,0.0
784,19059,-12961480.678968746
785,19061,0.0
786,19063,0.0
787,19065,0.0
788,19067,0.0
789,19069,0.0
790,19071,39416211.409839824
791,19073,0.0
792,19075,0.0
793,19077,0.0
794,19079,0.0
795,19081,27069913.77450301
796,19083,0.0
797,19085,0.0
798,19087,0.0
799,19089,0.0
800,19091,0.0
801,19093,53511942.45799283
802,19095,0.0
803,19097,-22819668.25561453
804,19099,0.0
805,19101,0.0
806,19103,0.0
807,19105,0.0
808,19107,0.0
809,19109,0.0
810,19111,0.0
811,19113,0.0
812,19115,0.0
813,19117,-63641846.02021598
814,19119,5084691.534036292
815,19121,0.0
816,19123,0.0
817,19125,0.0
818,19127,0.0
819,19129,-3979099.4191345023
820,19131,0.0
821,19133,0.0
822,19135,0.0
823,19137,0.0
824,19139,0.0
825,19141,0.0
826,19143,0.0
827,19145,0.0
828,19147,0.0
829,19149,0.0
830,19151,0.0
831,19153,0.0
832,19155,-5857999.459672987
833,19157,0.0
834,19159,0.0
835,19161,0.0
836,19163,0.0
837,19165,0.0
838,19167,0.0
839,19169,0.0
840,19171,0.0
841,19173,0.0
842,19175,-3029731.87602296
843,19177,75248608.15872829
844,19179,0.0
845,19181,9659993.055870099
846,19183,0.0
847,19185,0.0
848,19187,0.0
849,19189,0.0
850,19191,44574319.279938556
851,19193,0.0
852,19195,-4322975.4074286
853,19197,3834050.4061535373
854,20001,0.0
855,20003,0.0
856,20005,0.0
857,20007,0.0
858,20009,0.0
859,20011,-22515823.471796382
860,20013,0.0
861,20015,0.0
862,20017,0.0
863,20019,0.0
864,20021,0.0
865,20023,0.0
866,20025,0.0
867,20027,0.0
868,20029,0.0
869,20031,0.0
870,20033,0.0
871,20035,0.0
872,20037,0.0
873,20039,0.0
874,20041,0.0
875,20043,-3429156.115814453
876,20045,0.0
877,20047,0.0
878,20049,0.0
879,20051,0.0
880,20053,10159563.635370914
881,20055,-6787758.246521527
882,20057,0.0
883,20059,-9933653.030656118
884,20061,59410688.10853669
885,20063,-1012315.1723653056
886,20065,-2895042.4694759073
887,20067,0.0
888,20069,-8092414.3669959875
889,20071,40452840.49030258
890,20073,-9464450.179573134
891,20075,0.0
892,20077,0.0
893,20079,0.0
894,20081,0.0
895,20083,0.0
896,20085,0.0
897,20087,0.0
898,20089,0.0
899,20091,0.0
900,20093,0.0
901,20095,0.0
902,20097,0.0
903,20099,0.0
904,20101,8022482.285713548
905,20103,0.0
906,20105,0.0
907,20107,0.0
908,20109,0.0
909,20111,0.0
910,20113,0.0
911,20115,0.0
912,20117,-3067279.4355040486
913,20119,0.0
914,20121,0.0
915,20123,0.0
916,20125,0.0
917,20127,37569794.36700123
918,20129,0.0
919,20131,0.0
920,20133,0.0
921,20135,0.0
922,20137,0.0
923,20139,0.0
924,20141,0.0
925,20143,-5917019.126102284
926,20145,0.0
927,20147,1764656.0283192033
928,20149,0.0
929,20151,0.0
930,20153,0.0
931,20155,0.0
932,20157,0.0
933,20159,0.0
934,20161,0.0
935,20163,5609090.78456755
936,20165,0.0
937,20167,0.0
938,20169,0.0
939,20171,4006281.8685384146
940,20173,27799523.54927975
941,20175,0.0
942,20177,0.0
943,20179,0.0
944,20181,0.0
945,20183,-4833857.559821327
946,20185,-3313233.5075818896
947,20187,0.0
948,20189,0.0
949,20191,0.0
950,20193,-4633658.2785959095
951,20195,0.0
952,20197,0.0
953,20199,0.0
954,20201,0.0
955,20203,0.0
956,20205,0.0
957,20207,0.0
958,20209,0.0
959,21001,0.0
960,21003,0.0
961,21005,0.0
962,21007,0.0
963,21009,0.0
964,21011,0.0
965,21013,0.0
966,21015,5234499.598484972
967,21017,-3346253.5783270816
968,21019,0.0
969,21021,3075620.0474494533
970,21023,6069293.68793651
971,21025,0.0
972,21027,-69764445.03989089
973,21029,15213815.802576847
974,21031,8783152.872876417
975,21033,0.0
976,21035,0.0
977,21037,-14463382.245180905
978,21039,0.0
979,21041,0.0
980,21043,0.0
981,21045,0.0
982,21047,-6966914.3110552365
983,21049,0.0
984,21051,861414.0750429473
985,21053,0.0
986,21055,-3756869.2361509674
987,21057,0.0
988,21059,0.0
989,21061,0.0
990,21063,0.0
991,21065,-653287.3956263427
992,21067,0.0
993,21069,175982803.17940545
994,21071,0.0
995,21073,52460948.00407954
996,21075,0.0
997,21077,-6480541.552926987
998,21079,8212580.898583653
999,21081,0.0
1000,21083,0.0
1001,21085,0.0
1002,21087,0.0
1003,21089,-11627547.72996768
1004,21091,4626593.390343983
1005,21093,0.0
1006,21095,0.0
1007,21097,0.0
1008,21099,-5573785.796647194
1009,21101,0.0
1010,21103,-1684902.7218721148
1011,21105,0.0
1012,21107,14583633.54672017
1013,21109,0.0
1014,21111,191691099.44108424
1015,21113,-3130190.673085605
1016,21115,16961525.76077446
1017,21117,-14596153.590516059
1018,21119,-5539959.590449353
1019,21121,-22541372.781982422
1020,21123,0.0
1021,21125,-9808813.766746242
1022,21127,6498802.86551644
1023,21129,839170.9773053854
1024,21131,13289117.683881769
1025,21133,469120.1132874619
1026,21135,0.0
1027,21137,-18453871.619042877
1028,21139,-5772670.018424114
1029,21141,0.0
1030,21143,1062298.779022588
1031,21145,2080395.8258390238
1032,21147,-5772401.310298357
1033,21149,0.0
1034,21151,0.0
1035,21153,0.0
1036,21155,6804278.521950478
1037,21157,342550802.39011735
1038,21159,-1316791.085384842
1039,21161,29644179.25581948
1040,21163,15534101.33172091
1041,21165,758580.5177856068
1042,21167,1176022.9656376252
1043,21169,31187025.92749582
1044,21171,188134369.74298736
1045,21173,0.0
1046,21175,-359668.2342632842
1047,21177,5680866.8835057225
1048,21179,11076031.87664744
1049,21181,20228237.14643016
1050,21183,-18699872.51302804
1051,21185,0.0
1052,21187,6779795.962714299
1053,21189,13252351.206905887
1054,21191,66460159.23828302
1055,21193,15392277.856548315
1056,21195,134339166.4512791
1057,21197,0.0
1058,21199,-2380179.7302941014
1059,21201,15543111.225647284
1060,21203,0.0
1061,21205,26042935.66405003
1062,21207,12241252.417518063
1063,21209,-4299575.1842224505
1064,21211,0.0
1065,21213,1786526.0518084494
1066,21215,41122646.449141756
1067,21217,7220007.320096585
1068,21219,4231984.677227073
1069,21221,9054754.127828652
1070,21223,0.0
1071,21225,9342755.70454769
1072,21227,0.0
1073,21229,2938402.5207961886
1074,21231,21786332.09205197
1075,21233,-6063675.081000448
1076,21235,-2178688.645506425
1077,21237,18371114.409855198
1078,21239,0.0
1079,22001,-2927476.5439374032
1080,22003,0.0
1081,22005,0.0
1082,22007,0.0
1083,22009,6382685.235662312
1084,22011,0.0
1085,22013,8273934.045259759
1086,22015,0.0
1087,22017,-31470405.629417613
1088,22019,-3211965.0304217967
1089,22021,2364816.388820462
1090,22023,-15792679.077912029
1091,22025,8251398.033284664
1092,22027,0.0
1093,22029,0.0
1094,22031,0.0
1095,22033,-12902203.721864538
1096,22035,-70316763.421212
1097,22037,0.0
1098,22039,0.0
1099,22041,69406885.69092765
1100,22043,0.0
1101,22045,0.0
1102,22047,0.0
1103,22049,0.0
1104,22051,-41719032.27019876
1105,22053,0.0
1106,22055,0.0
1107,22057,0.0
1108,22059,-11905741.651267774
1109,22061,-37484713.99609339
1110,22063,0.0
1111,22065,784001.4913559845
1112,22067,0.0
1113,22069,0.0
1114,22071,0.0
1115,22073,0.0
1116,22075,0.0
1117,22077,0.0
1118,22079,40011292.15330873
1119,22081,0.0
1120,22083,0.0
1121,22085,0.0
1122,22087,0.0
1123,22089,0.0
1124,22091,9717338.38161936
1125,22093,-49158321.69417395
1126,22095,0.0
1127,22097,-5853242.891974072
1128,22099,0.0
1129,22101,0.0
1130,22103,-5080849.359815154
1131,22105,-8636617.785982877
1132,22107,-5019129.555134778
1133,22109,0.0
1134,22111,0.0
1135,22113,-43698258.072504655
1136,22115,8464433.47945808
1137,22117,3791016.9438063
1138,22119,0.0
1139,22121,0.0
1140,22123,0.0
1141,22125,8787913.776633766
1142,22127,6450159.713349637
1143,23001,-29584535.03214834
1144,23003,0.0
1145,23005,0.0
1146,23007,0.0
1147,23009,0.0
1148,23011,0.0
1149,23013,0.0
1150,23015,-16143358.75658256
1151,23017,83145171.05316807
1152,23019,8498512.28846256
1153,23021,0.0
1154,23023,0.0
1155,23025,4905676.291364409
1156,23027,-43866319.24591063
1157,23029,1410528.1159104775
1158,23031,0.0
1159,24001,0.0
1160,24003,0.0
1161,24005,-60595441.65546897
1162,24009,0.0
1163,24011,-391733.79602976225
1164,24013,0.0
1165,24015,-6468064.430755486
1166,24017,-7139796.762815032
1167,24019,0.0
1168,24021,0.0
1169,24023,0.0
1170,24025,-3318366.3601642903
1171,24027,14823940.664349884
1172,24029,0.0
1173,24031,0.0
1174,24033,0.0
1175,24035,0.0
1176,24037,0.0
1177,24039,0.0
1178,24041,0.0
1179,24043,0.0
1180,24045,0.0
1181,24047,0.0
1182,24510,0.0
1183,25001,0.0
1184,25003,0.0
1185,25005,0.0
1186,25007,0.0
1187,25009,0.0
1188,25011,0.0
1189,25013,0.0
1190,25015,0.0
1191,25017,0.0
1192,25019,0.0
1193,25021,0.0
1194,25023,0.0
1195,25025,0.0
1196,25027,0.0
1197,26001,0.0
1198,26003,0.0
1199,26005,0.0
1200,26007,0.0
1201,26009,0.0
1202,26011,0.0
1203,26013,0.0
1204,26015,0.0
1205,26017,0.0
1206,26019,0.0
1207,26021,0.0
1208,26023,0.0
1209,26025,0.0
1210,26027,0.0
1211,26029,0.0
1212,26031,0.0
1213,26033,0.0
1214,26035,0.0
1215,26037,0.0
1216,26039,0.0
1217,26041,0.0
1218,26043,0.0
1219,26045,0.0
1220,26047,0.0
1221,26049,0.0
1222,26051,0.0
1223,26053,0.0
1224,26055,0.0
1225,26057,0.0
1226,26059,0.0
1227,26061,0.0
1228,26063,0.0
1229,26065,0.0
1230,26067,0.0
1231,26069,0.0
1232,26071,0.0
1233,26073,0.0
1234,26075,0.0
1235,26077,0.0
1236,26079,0.0
1237,26081,0.0
1238,26083,0.0
1239,26085,0.0
1240,26087,0.0
1241,26089,0.0
1242,26091,0.0
1243,26093,0.0
1244,26095,0.0
1245,26097,0.0
1246,26099,0.0
1247,26101,0.0
1248,26103,0.0
1249,26105,0.0
1250,26107,0.0
1251,26109,0.0
1252,26111,0.0
1253,26113,0.0
1254,26115,0.0
1255,26117,0.0
1256,26119,0.0
1257,26121,0.0
1258,26123,0.0
1259,26125,0.0
1260,26127,0.0
1261,26129,0.0
1262,26131,0.0
1263,26133,0.0
1264,26135,0.0
1265,26137,0.0
1266,26139,0.0
1267,26141,0.0
1268,26143,0.0
1269,26145,0.0
1270,26147,0.0
1271,26149,0.0
1272,26151,0.0
1273,26153,0.0
1274,26155,0.0
1275,26157,0.0
1276,26159,0.0
1277,26161,0.0
1278,26163,0.0
1279,26165,7888327.018272578
1280,27001,0.0
1281,27003,0.0
1282,27005,0.0
1283,27007,0.0
1284,27009,0.0
1285,27011,104454832.03304476
1286,27013,102459288.94346075
1287,27015,24972353.492718965
1288,27017,23732768.287707888
1289,27019,-1486779.851651891
1290,27021,59762353.43835422
1291,27023,0.0
1292,27025,129153946.60952131
1293,27027,16470226.877620697
1294,27029,8675819.772495782
1295,27031,6640112.183168054
1296,27033,63409601.42837795
1297,27035,14391517.01403738
1298,27037,-39973529.27823451
1299,27039,12834684.57445193
1300,27041,13216020.234183656
1301,27043,75482045.22180495
1302,27045,48183550.81733078
1303,27047,25090617.741243005
1304,27049,0.0
1305,27051,116383326.74622115
1306,27053,-49556170.87878861
1307,27055,81943031.61764331
1308,27057,2454006.627691225
1309,27059,7289646.526787025
1310,27061,0.0
1311,27063,21257320.981372163
1312,27065,0.0
1313,27067,0.0
1314,27069,148246974.34326702
1315,27071,49964984.002660885
1316,27073,0.0
1317,27075,0.0
1318,27077,-15319490.004160503
1319,27079,105833318.2470657
1320,27081,56587042.33521674
1321,27083,103384298.18078624
1322,27085,156238750.37375143
1323,27087,0.0
1324,27089,54088846.80959056
1325,27091,0.0
1326,27093,12853651.035967188
1327,27095,150335360.72172886
1328,27097,136077915.1554973
1329,27099,137534327.8713632
1330,27101,92483405.4025641
1331,27103,57452130.12846803
1332,27105,55338475.622074194
1333,27107,1186143.7241629001
1334,27109,71755093.68444785
1335,27111,0.0
1336,27113,191594237.02985954
1337,27115,0.0
1338,27117,-7074929.818337207
1339,27119,78774083.42861146
1340,27121,0.0
1341,27123,125965963.24590431
1342,27125,46528724.34467608
1343,27127,6299759.074486285
1344,27129,4203555.116101044
1345,27131,6575273.96497168
1346,27133,58490629.95843557
1347,27135,-11982904.141935678
1348,27137,0.0
1349,27139,4834406.084164983
1350,27141,0.0
1351,27143,430076.66302701284
1352,27145,0.0
1353,27147,0.0
1354,27149,0.0
1355,27151,0.0
1356,27153,7030108.082404504
1357,27155,0.0
1358,27157,0.0
1359,27159,0.0
1360,27161,0.0
1361,27163,0.0
1362,27165,0.0
1363,27167,0.0
1364,27169,0.0
1365,27171,0.0
1366,27173,0.0
1367,28001,0.0
1368,28003,0.0
1369,28005,0.0
1370,28007,36529006.70947046
1371,28009,0.0
1372,28011,-6358985.450863946
1373,28013,0.0
1374,28015,16648545.063607648
1375,28017,-13994703.327532891
1376,28019,7321107.541756084
1377,28021,-10863361.331042431
1378,28023,-93635.5019874569
1379,28025,34731687.57439226
1380,28027,49029295.97217891
1381,28029,7022703.649964951
1382,28031,88012902.02010818
1383,28033,651737.5948277372
1384,28035,-9559251.35563489
1385,28037,5683835.033232134
1386,28039,11794000.41130435
1387,28041,-1449573.5121923557
1388,28043,5340362.407375723
1389,28045,13978198.829711221
1390,28047,90951204.11490671
1391,28049,23804454.22384754
1392,28051,63207852.364770845
1393,28053,23005736.601577863
1394,28055,30532595.627596457
1395,28057,52455462.2274681
1396,28059,3339785.4136474086
1397,28061,-1274710.5983988107
1398,28063,72715218.29241271
1399,28065,115632895.68204004
1400,28067,13144087.655593898
1401,28069,10338285.902544368
1402,28071,-10749013.969699854
1403,28073,-13379189.396921067
1404,28075,10609747.177371869
1405,28077,45141029.09791562
1406,28079,4467516.440859601
1407,28081,-5265678.388650298
1408,28083,2369636.0651271874
1409,28085,421523.76976047026
1410,28087,6761418.511738142
1411,28089,-498978.71542723716
1412,28091,11780654.914644994
1413,28093,72824083.61082639
1414,28095,5474502.062441324
1415,28097,25375329.18082292
1416,28099,9477606.756411416
1417,28101,0.0
1418,28103,-4140752.9059906914
1419,28105,-6873130.113464932
1420,28107,74758027.64984307
1421,28109,0.0
1422,28111,0.0
1423,28113,11720324.722185936
1424,28115,0.0
1425,28117,0.0
1426,28119,0.0
1427,28121,0.0
1428,28123,11297167.881345632
1429,28125,7768775.848251899
1430,28127,31860328.765562173
1431,28129,12006958.364886928
1432,28131,3043020.023956666
1433,28133,-614843.2111675958
1434,28135,11235014.368779985
1435,28137,-5922397.192580239
1436,28139,6313560.422628311
1437,28141,0.0
1438,28143,57688203.72034585
1439,28145,13833603.51814788
1440,28147,34349080.56222903
1441,28149,25830915.356734015
1442,28151,1809637.2879950337
1443,28153,57093193.336888395
1444,28155,12146353.635386892
1445,28157,19023363.093849216
1446,28159,13578121.300881617
1447,28161,-30854714.823338583
1448,28163,13259965.223608537
1449,29001,18294502.216964893
1450,29003,30202856.406390626
1451,29005,-7692971.128707376
1452,29007,346181.53847769025
1453,29009,950966.1078866926
1454,29011,6805493.818017589
1455,29013,16108108.14323655
1456,29015,-6063200.667435817
1457,29017,16248112.235546393
1458,29019,16856118.261234373
1459,29021,17565340.987054884
1460,29023,11981636.263565753
1461,29025,0.0
1462,29027,15330061.048854299
1463,29029,76445426.11569102
1464,29031,0.0
1465,29033,45420363.53335402
1466,29035,25855767.478349406
1467,29037,-13769182.72713089
1468,29039,0.0
1469,29041,0.0
1470,29043,6209406.348267533
1471,29045,12204833.583824968
1472,29047,12542687.01417323
1473,29049,49572541.482296705
1474,29051,17125938.371533066
1475,29053,31827891.9017271
1476,29055,9226077.442567918
1477,29057,37058067.70849858
1478,29059,4049726.611904142
1479,29061,60123306.33144176
1480,29063,0.0
1481,29065,39579154.25515372
1482,29067,30176828.74704626
1483,29069,37612570.23735732
1484,29071,0.0
1485,29073,26401731.020880215
1486,29075,-3821603.10848322
1487,29077,23827877.40449784
1488,29079,13959693.968036395
1489,29081,8943477.364448296
1490,29083,13328702.237211572
1491,29085,17522469.05768414
1492,29087,-7946739.030588069
1493,29089,3969019.818654467
1494,29091,-804605.6826616297
1495,29093,4985036.074679958
1496,29095,42765497.46498154
1497,29097,6870371.525613659
1498,29099,110179893.88864274
1499,29101,9016036.728973534
1500,29103,43860183.38673016
1501,29105,0.0
1502,29107,35699111.47030333
1503,29109,19418.548077387015
1504,29111,19184895.44191377
1505,29113,45069591.347838946
1506,29115,6746315.24356548
1507,29117,-1481511.9077434458
1508,29119,71808484.53975454
1509,29121,5173816.470711829
1510,29123,8690203.38558851
1511,29125,-3674404.318489403
1512,29127,-15925551.631604474
1513,29129,1743580.766727172
1514,29131,9853851.23728563
1515,29133,5795835.836883547
1516,29135,4947607.5079117175
1517,29137,-1190710.8999277544
1518,29139,4607477.328669181
1519,29141,7932668.392738305
1520,29143,23389463.531718247
1521,29145,29335.51888198494
1522,29147,13124050.243090458
1523,29149,9618383.637684442
1524,29151,-2322505.4640455507
1525,29153,4926347.409944758
1526,29155,335989.74634506216
1527,29157,144794961.84891173
1528,29159,8985954.44785756
1529,29161,-22632828.12733513
1530,29163,43489690.70489397
1531,29165,0.0
1532,29167,0.0
1533,29169,0.0
1534,29171,0.0
1535,29173,0.0
1536,29175,-1602798.323873417
1537,29177,0.0
1538,29179,0.0
1539,29181,-72568099.03995514
1540,29183,0.0
1541,29185,0.0
1542,29186,0.0
1543,29187,74857246.46553971
1544,29189,0.0
1545,29195,43767172.28089677
1546,29197,0.0
1547,29199,10192384.209096251
1548,29201,0.0
1549,29203,0.0
1550,29205,0.0
1551,29207,50997071.95498386
1552,29209,0.0
1553,29211,0.0
1554,29213,0.0
1555,29215,0.0
1556,29217,0.0
1557,29219,-6926881.308098778
1558,29221,-1344907.5111653688
1559,29223,0.0
1560,29225,0.0
1561,29227,-8718469.503435887
1562,29229,0.0
1563,29510,0.0
1564,30001,0.0
1565,30003,29120038.717219662
1566,30005,0.0
1567,30007,0.0
1568,30009,0.0
1569,30011,0.0
1570,30013,0.0
1571,30015,0.0
1572,30017,0.0
1573,30019,6639029.566346972
1574,30021,-8861055.581757993
1575,30023,0.0
1576,30025,0.0
1577,30027,0.0
1578,30029,0.0
1579,30031,4392763.358927935
1580,30033,0.0
1581,30035,0.0
1582,30037,0.0
1583,30039,0.0
1584,30041,0.0
1585,30043,0.0
1586,30045,0.0
1587,30047,4590551.045104788
1588,30049,0.0
1589,30051,0.0
1590,30053,0.0
1591,30055,0.0
1592,30057,1136389.559930496
1593,30059,0.0
1594,30061,-1514762.440304558
1595,30063,67334696.22520174
1596,30065,0.0
1597,30067,0.0
1598,30069,28063921.219094254
1599,30071,0.0
1600,30073,0.0
1601,30075,0.0
1602,30077,0.0
1603,30079,22106.39017865285
1604,30081,0.0
1605,30083,45748872.5043901
1606,30085,0.0
1607,30087,0.0
1608,30089,-23644479.60272805
1609,30091,0.0
1610,30093,0.0
1611,30095,0.0
1612,30097,0.0
1613,30099,0.0
1614,30101,0.0
1615,30103,0.0
1616,30105,0.0
1617,30107,0.0
1618,30109,0.0
1619,30111,3197811.634930429
1620,31001,0.0
1621,31003,0.0
1622,31005,20220463.67880061
1623,31007,0.0
1624,31009,6405664.875481599
1625,31011,0.0
1626,31013,0.0
1627,31015,0.0
1628,31017,779453.8786872503
1629,31019,0.0
1630,31021,0.0
1631,31023,0.0
1632,31025,0.0
1633,31027,0.0
1634,31029,109138549.52289583
1635,31031,0.0
1636,31033,0.0
1637,31035,0.0
1638,31037,3314862.343675958
1639,31039,-3294852.996905296
1640,31041,4131373.7280535935
1641,31043,0.0
1642,31045,19151339.487089407
1643,31047,0.0
1644,31049,0.0
1645,31051,0.0
1646,31053,-5375108.55344592
1647,31055,117939806.88363531
1648,31057,-19644031.777181894
1649,31059,-6563399.432408949
1650,31061,1884374.8497308583
1651,31063,-10502561.919224387
1652,31065,-25406104.980651982
1653,31067,0.0
1654,31069,49206763.14700338
1655,31071,0.0
1656,31073,0.0
1657,31075,0.0
1658,31077,13217059.52978641
1659,31079,0.0
1660,31081,3530846.517506145
1661,31083,5217950.180514759
1662,31085,-9624830.635531483
1663,31087,0.0
1664,31089,641641.054177476
1665,31091,0.0
1666,31093,-17854030.270574216
1667,31095,1686097.4683249928
1668,31097,0.0
1669,31099,-14390756.294600613
1670,31101,0.0
1671,31103,0.0
1672,31105,0.0
1673,31107,-766990.1635670968
1674,31109,103771480.29531568
1675,31111,-15946427.687179787
1676,31113,-2366077.64514785
1677,31115,3531568.4646548075
1678,31117,0.0
1679,31119,-8929313.708375424
1680,31121,8788806.781635733
1681,31123,9973965.96427785
1682,31125,0.0
1683,31127,0.0
1684,31129,39777155.721809626
1685,31131,-15807.160595580423
1686,31133,0.0
1687,31135,21627948.72556369
1688,31137,-5889027.566063314
1689,31139,167819.28600886167
1690,31141,0.0
1691,31143,0.0
1692,31145,-937471.1313045463
1693,31147,0.0
1694,31149,0.0
1695,31151,0.0
1696,31153,0.0
1697,31155,45170591.02426863
1698,31157,51926111.03666738
1699,31159,-1136830.0713832849
1700,31161,42163033.14127672
1701,31163,19876187.910846755
1702,31165,4538417.977635257
1703,31167,29449698.03197166
1704,31169,12981961.928514613
1705,31171,29862834.190546453
1706,31173,12683122.358014172
1707,31175,0.0
1708,31177,-2545420.414375936
1709,31179,0.0
1710,31181,2980887.038989163
1711,31183,0.0
1712,31185,0.0
1713,32001,0.0
1714,32003,0.0
1715,32005,-3380470.5186597425
1716,32007,0.0
1717,32009,36201300.4217889
1718,32011,10998763.782916486
1719,32013,10081719.111240044
1720,32015,0.0
1721,32017,-10038102.070973463
1722,32019,1610919.6125475885
1723,32021,0.0
1724,32023,0.0
1725,32027,-417574.80516876176
1726,32029,-5555174.3275301205
1727,32031,-5954237.866679992
1728,32033,10255699.918220703
1729,32510,-16360512.82388324
1730,33001,0.0
1731,33003,25190372.54908352
1732,33005,-7589863.928627871
1733,33007,0.0
1734,33009,84279070.03585537
1735,33011,0.0
1736,33013,0.0
1737,33015,6935041.362696417
1738,33017,-2104360.2545658434
1739,33019,-2871870.5490254685
1740,34001,-405727.9167037986
1741,34003,0.0
1742,34005,4589783.674209384
1743,34007,32833566.256186277
1744,34009,72435165.3359801
1745,34011,41242119.68051951
1746,34013,108435734.60529667
1747,34015,34724263.5959376
1748,34017,0.0
1749,34019,29123401.14438676
1750,34021,668203.2947622904
1751,34023,0.0
1752,34025,0.0
1753,34027,0.0
1754,34029,0.0
1755,34031,0.0
1756,34033,0.0
1757,34035,32546461.474157397
1758,34037,0.0
1759,34039,7354844.341740923
1760,34041,7258409.838697746
1761,35001,8482984.957575604
1762,35003,35651510.75219386
1763,35005,27627827.241242323
1764,35006,-77497185.70166098
1765,35007,6044761.0248476565
1766,35009,118437187.07666779
1767,35011,47922740.2153229
1768,35013,0.0
1769,35015,70875998.5046345
1770,35017,0.0
1771,35019,75319730.5585569
1772,35021,5414445.724072536
1773,35023,-1136737.4416771054
1774,35025,98471008.49121393
1775,35027,21984284.41031494
1776,35028,60827295.27448608
1777,35029,0.0
1778,35031,-12842817.422538295
1779,35033,-294009.15303883445
1780,35035,38697311.42656809
1781,35037,4856529.268995345
1782,35039,16331951.66919061
1783,35041,6944790.539906775
1784,35043,0.0
1785,35045,6176576.644766379
1786,35047,96100001.72914998
1787,35049,0.0
1788,35051,0.0
1789,35053,36947163.142987095
1790,35055,-3320973.912814135
1791,35057,-2821978.029722559
1792,35059,3180288.4331221757
1793,35061,17875076.004411463
1794,36001,63562640.40960303
1795,36003,10964945.407953253
1796,36005,141804453.55122867
1797,36007,11957232.403093653
1798,36009,83654257.52746698
1799,36011,14312273.041485665
1800,36013,0.0
1801,36015,-76522458.89127032
1802,36017,32856399.32093757
1803,36019,38717420.577668265
1804,36021,-3202925.955593419
1805,36023,-3259870.429934854
1806,36025,213256595.73678887
1807,36027,15643407.541798068
1808,36029,45484397.33266797
1809,36031,-17240267.356198452
1810,36033,7460314.5840856265
1811,36035,14616829.716081869
1812,36037,-3975909.7191468724
1813,36039,0.0
1814,36041,117054652.1564234
1815,36043,87413661.66182844
1816,36045,8001299.132259931
1817,36047,35431048.884872206
1818,36049,-14517304.069024915
1819,36051,3766437.179774462
1820,36053,-3886239.2264476866
1821,36055,9285437.889596328
1822,36057,12744749.623924643
1823,36059,25837489.110665016
1824,36061,12914954.841384698
1825,36063,-47303198.54421338
1826,36065,2490148.624093497
1827,36067,11655480.529178422
1828,36069,-44633609.534139305
1829,36071,0.0
1830,36073,52418749.98863236
1831,36075,49384715.48126643
1832,36077,23046785.781452026
1833,36079,533509.4870651677
1834,36081,8238210.44979316
1835,36083,136481.59174772477
1836,36085,-15535996.336765334
1837,36087,0.0
1838,36089,7761638.283907375
1839,36091,0.0
1840,36093,0.0
1841,36095,0.0
1842,36097,0.0
1843,36099,0.0
1844,36101,-34757869.27758977
1845,36103,0.0
1846,36105,0.0
1847,36107,6582121.278605381
1848,36109,0.0
1849,36111,0.0
1850,36113,0.0
1851,36115,19029291.96887123
1852,36117,0.0
1853,36119,-5506410.920447734
1854,36121,-9972743.030285375
1855,36123,0.0
1856,37001,15158382.690962384
1857,37003,14735623.252659947
1858,37005,4394036.280292045
1859,37007,-359508.1151212534
1860,37009,16603863.810933592
1861,37011,17869070.298415333
1862,37013,0.0
1863,37015,10558295.283706022
1864,37017,0.0
1865,37019,0.0
1866,37021,0.0
1867,37023,6362027.899610999
1868,37025,-678216.6075367861
1869,37027,0.0
1870,37029,-16122891.245294925
1871,37031,-21219682.660153694
1872,37033,0.0
1873,37035,0.0
1874,37037,0.0
1875,37039,-32575873.114585984
1876,37041,-4756354.322533537
1877,37043,0.0
1878,37045,0.0
1879,37047,39034486.131144576
1880,37049,0.0
1881,37051,0.0
1882,37053,0.0
1883,37055,17503023.865203317
1884,37057,-41698134.28016933
1885,37059,-31650675.48415852
1886,37061,0.0
1887,37063,0.0
1888,37065,0.0
1889,37067,0.0
1890,37069,-6022456.3249855125
1891,37071,10243130.964206204
1892,37073,-1608824.1186038456
1893,37075,7683453.983703591
1894,37077,0.0
1895,37079,0.0
1896,37081,29203443.07913346
1897,37083,0.0
1898,37085,3813342.056405629
1899,37087,0.0
1900,37089,0.0
1901,37091,0.0
1902,37093,0.0
1903,37095,0.0
1904,37097,0.0
1905,37099,0.0
1906,37101,0.0
1907,37103,0.0
1908,37105,0.0
1909,37107,22487864.95783403
1910,37109,3419597.5245956904
1911,37111,0.0
1912,37113,0.0
1913,37115,0.0
1914,37117,0.0
1915,37119,0.0
1916,37121,0.0
1917,37123,0.0
1918,37125,0.0
1919,37127,0.0
1920,37129,0.0
1921,37131,0.0
1922,37133,0.0
1923,37135,1400623.1285090304
1924,37137,0.0
1925,37139,-8593934.453629343
1926,37141,0.0
1927,37143,0.0
1928,37145,0.0
1929,37147,0.0
1930,37149,0.0
1931,37151,0.0
1932,37153,0.0
1933,37155,0.0
1934,37157,0.0
1935,37159,0.0
1936,37161,0.0
1937,37163,0.0
1938,37165,0.0
1939,37167,0.0
1940,37169,0.0
1941,37171,0.0
1942,37173,0.0
1943,37175,0.0
1944,37177,0.0
1945,37179,0.0
1946,37181,0.0
1947,37183,0.0
1948,37185,0.0
1949,37187,0.0
1950,37189,0.0
1951,37191,0.0
1952,37193,0.0
1953,37195,0.0
1954,37197,0.0
1955,37199,0.0
1956,38001,0.0
1957,38003,0.0
1958,38005,0.0
1959,38007,0.0
1960,38009,0.0
1961,38011,0.0
1962,38013,0.0
1963,38015,0.0
1964,38017,0.0
1965,38019,0.0
1966,38021,0.0
1967,38023,0.0
1968,38025,0.0
1969,38027,0.0
1970,38029,0.0
1971,38031,0.0
1972,38033,0.0
1973,38035,0.0
1974,38037,0.0
1975,38039,0.0
1976,38041,0.0
1977,38043,0.0
1978,38045,0.0
1979,38047,0.0
1980,38049,0.0
1981,38051,29166077.426912736
1982,38053,3391267.871809093
1983,38055,0.0
1984,38057,0.0
1985,38059,0.0
1986,38061,-13739732.95086897
1987,38063,0.0
1988,38065,0.0
1989,38067,0.0
1990,38069,0.0
1991,38071,0.0
1992,38073,0.0
1993,38075,6235633.394909841
1994,38077,0.0
1995,38079,0.0
1996,38081,0.0
1997,38083,0.0
1998,38085,0.0
1999,38087,0.0
2000,38089,0.0
2001,38091,0.0
2002,38093,0.0
2003,38095,0.0
2004,38097,0.0
2005,38099,-35656479.41790123
2006,38101,0.0
2007,38103,0.0
2008,38105,0.0
2009,39001,0.0
2010,39003,0.0
2011,39005,0.0
2012,39007,0.0
2013,39009,0.0
2014,39011,0.0
2015,39013,0.0
2016,39015,0.0
2017,39017,0.0
2018,39019,0.0
2019,39021,0.0
2020,39023,0.0
2021,39025,0.0
2022,39027,0.0
2023,39029,-3010037.6053683925
2024,39031,0.0
2025,39033,0.0
2026,39035,0.0
2027,39037,0.0
2028,39039,0.0
2029,39041,0.0
2030,39043,6387006.4227597965
2031,39045,0.0
2032,39047,0.0
2033,39049,0.0
2034,39051,0.0
2035,39053,0.0
2036,39055,-5763921.065313579
2037,39057,0.0
2038,39059,0.0
2039,39061,0.0
2040,39063,0.0
2041,39065,0.0
2042,39067,15019171.68302442
2043,39069,17956613.79110704
2044,39071,0.0
2045,39073,11925576.833760206
2046,39075,0.0
2047,39077,73446227.6499274
2048,39079,0.0
2049,39081,23219453.833541494
2050,39083,0.0
2051,39085,99354369.7406941
2052,39087,0.0
2053,39089,0.0
2054,39091,0.0
2055,39093,44310425.09780266
2056,39095,0.0
2057,39097,0.0
2058,39099,0.0
2059,39101,0.0
2060,39103,0.0
2061,39105,0.0
2062,39107,11060466.621148905
2063,39109,25824038.385086916
2064,39111,0.0
2065,39113,0.0
2066,39115,0.0
2067,39117,0.0
2068,39119,0.0
2069,39121,0.0
2070,39123,0.0
2071,39125,0.0
2072,39127,0.0
2073,39129,0.0
2074,39131,0.0
2075,39133,0.0
2076,39135,0.0
2077,39137,0.0
2078,39139,0.0
2079,39141,0.0
2080,39143,0.0
2081,39145,0.0
2082,39147,0.0
2083,39149,0.0
2084,39151,0.0
2085,39153,0.0
2086,39155,0.0
2087,39157,-10846136.600711267
2088,39159,0.0
2089,39161,0.0
2090,39163,0.0
2091,39165,0.0
2092,39167,0.0
2093,39169,0.0
2094,39171,20917287.961603962
2095,39173,0.0
2096,39175,0.0
2097,40001,0.0
2098,40003,0.0
2099,40005,0.0
2100,40007,0.0
2101,40009,0.0
2102,40011,0.0
2103,40013,0.0
2104,40015,0.0
2105,40017,0.0
2106,40019,0.0
2107,40021,0.0
2108,40023,0.0
2109,40025,0.0
2110,40027,0.0
2111,40029,0.0
2112,40031,0.0
2113,40033,0.0
2114,40035,0.0
2115,40037,0.0
2116,40039,0.0
2117,40041,0.0
2118,40043,0.0
2119,40045,0.0
2120,40047,0.0
2121,40049,93366433.81300321
2122,40051,0.0
2123,40053,21479655.842963506
2124,40055,10313568.955644444
2125,40057,0.0
2126,40059,-12041036.21129397
2127,40061,0.0
2128,40063,900397.3820766985
2129,40065,0.0
2130,40067,17217039.579158176
2131,40069,0.0
2132,40071,-2889364.9634306147
2133,40073,0.0
2134,40075,0.0
2135,40077,23791048.654096745
2136,40079,-4776552.5879767705
2137,40081,0.0
2138,40083,34932897.13249633
2139,40085,886322.645510983
2140,40087,0.0
2141,40089,27925425.914390154
2142,40091,0.0
2143,40093,0.0
2144,40095,0.0
2145,40097,24900497.507528476
2146,40099,2719881.15735673
2147,40101,0.0
2148,40103,0.0
2149,40105,0.0
2150,40107,0.0
2151,40109,-10724992.548532275
2152,40111,-8126278.204672804
2153,40113,0.0
2154,40115,3144385.432293148
2155,40117,17043219.640397303
2156,40119,15621633.654515976
2157,40121,-21084815.57888928
2158,40123,0.0
2159,40125,-6372548.00814613
2160,40127,0.0
2161,40129,0.0
2162,40131,0.0
2163,40133,0.0
2164,40135,80386474.72474484
2165,40137,5073087.095062949
2166,40139,0.0
2167,40141,0.0
2168,40143,0.0
2169,40145,0.0
2170,40147,-3888528.587087961
2171,40149,-32376022.949550584
2172,40151,0.0
2173,40153,-14861505.339149477
2174,41001,-10305847.898139501
2175,41003,1124492.6253403907
2176,41005,0.0
2177,41007,8378682.978129823
2178,41009,3505285.9422709486
2179,41011,0.0
2180,41013,0.0
2181,41015,0.0
2182,41017,0.0
2183,41019,0.0
2184,41021,-1556010.7461619019
2185,41023,-8407091.814074839
2186,41025,21103684.85853183
2187,41027,0.0
2188,41029,0.0
2189,41031,4075718.509680072
2190,41033,6388454.669527203
2191,41035,0.0
2192,41037,7860963.0001251735
2193,41039,2849644.9719329276
2194,41041,0.0
2195,41043,0.0
2196,41045,0.0
2197,41047,-18933013.881616946
2198,41049,0.0
2199,41051,12507411.799817361
2200,41053,3401167.1870086854
2201,41055,-1282141.9434285131
2202,41057,0.0
2203,41059,583419.8551155329
2204,41061,17266865.833626248
2205,41063,0.0
2206,41065,-2839203.1461168653
2207,41067,0.0
2208,41069,10559190.088581976
2209,41071,0.0
2210,42001,0.0
2211,42003,0.0
2212,42005,-23382218.250092387
2213,42007,-9651325.507304594
2214,42009,51212341.828267656
2215,42011,-2214230.769931783
2216,42013,0.0
2217,42015,-13675287.364980755
2218,42017,0.0
2219,42019,0.0
2220,42021,0.0
2221,42023,0.0
2222,42025,0.0
2223,42027,0.0
2224,42029,0.0
2225,42031,0.0
2226,42033,0.0
2227,42035,0.0
2228,42037,19993300.422203086
2229,42039,0.0
2230,42041,0.0
2231,42043,0.0
2232,42045,0.0
2233,42047,0.0
2234,42049,-439734.76788933814
2235,42051,0.0
2236,42053,0.0
2237,42055,0.0
2238,42057,0.0
2239,42059,0.0
2240,42061,0.0
2241,42063,26560985.639249362
2242,42065,0.0
2243,42067,0.0
2244,42069,0.0
2245,42071,0.0
2246,42073,0.0
2247,42075,0.0
2248,42077,44443047.84345973
2249,42079,0.0
2250,42081,0.0
2251,42083,0.0
2252,42085,0.0
2253,42087,0.0
2254,42089,0.0
2255,42091,-49071901.080821864
2256,42093,0.0
2257,42095,0.0
2258,42097,0.0
2259,42099,0.0
2260,42101,0.0
2261,42103,0.0
2262,42105,0.0
2263,42107,0.0
2264,42109,0.0
2265,42111,0.0
2266,42113,0.0
2267,42115,3002867.4779736144
2268,42117,0.0
2269,42119,0.0
2270,42121,0.0
2271,42123,0.0
2272,42125,0.0
2273,42127,0.0
2274,42129,0.0
2275,42131,0.0
2276,42133,0.0
2277,44001,0.0
2278,44003,0.0
2279,44005,0.0
2280,44007,0.0
2281,44009,0.0
2282,45001,4615212.9267834155
2283,45003,0.0
2284,45005,0.0
2285,45007,0.0
2286,45009,0.0
2287,45011,0.0
2288,45013,-8794748.183666473
2289,45015,16376243.032522403
2290,45017,0.0
2291,45019,0.0
2292,45021,0.0
2293,45023,4740478.361403791
2294,45025,-3301999.7260286715
2295,45027,-2561691.956502131
2296,45029,8295215.419923257
2297,45031,36008178.72899325
2298,45033,5378046.323578324
2299,45035,-5263968.293050205
2300,45037,37982175.80338221
2301,45039,0.0
2302,45041,18677417.45612173
2303,45043,-2516677.1027369164
2304,45045,20530180.99635411
2305,45047,2228316.202672939
2306,45049,0.0
2307,45051,-10875555.72922843
2308,45053,0.0
2309,45055,0.0
2310,45057,11073561.384606652
2311,45059,3372733.0259380336
2312,45061,0.0
2313,45063,0.0
2314,45065,-5825795.92149462
2315,45067,1130837.7906199396
2316,45069,20743065.06367772
2317,45071,0.0
2318,45073,20151004.209553942
2319,45075,25825771.681365844
2320,45077,16693222.850405037
2321,45079,971630.745206618
2322,45081,0.0
2323,45083,68275654.12534422
2324,45085,-7879348.587767068
2325,45087,22936858.607021283
2326,45089,28541706.579339255
2327,45091,21456405.462136354
2328,46003,-8367787.124301428
2329,46005,0.0
2330,46007,0.0
2331,46009,0.0
2332,46011,30885474.58601156
2333,46013,0.0
2334,46015,0.0
2335,46017,11706896.054757234
2336,46019,0.0
2337,46021,3876932.1396595757
2338,46023,24496251.272978146
2339,46025,0.0
2340,46027,-54697536.26226421
2341,46029,0.0
2342,46031,9373133.687074807
2343,46033,396532114.8431327
2344,46035,0.0
2345,46037,0.0
2346,46039,3183838.832786614
2347,46041,-10126283.547018224
2348,46043,-1953802.1911786876
2349,46045,0.0
2350,46047,-4233672.332273783
2351,46049,12736605.024739234
2352,46051,-562049.4407706939
2353,46053,4890600.26730991
2354,46055,10989493.687210642
2355,46057,45484446.20366246
2356,46059,-1310108.7539536902
2357,46061,-2432882.9799148003
2358,46063,-14315642.788584115
2359,46065,22535210.503100097
2360,46067,6245429.903128505
2361,46069,-3198920.6607983373
2362,46071,234459.35087832672
2363,46073,-14494798.244629454
2364,46075,-310141614.52622485
2365,46077,-351444.15244162723
2366,46079,-3006789.061158261
2367,46081,128511654.3546382
2368,46083,0.0
2369,46085,44090874.16417622
2370,46087,247025.8590543092
2371,46089,0.0
2372,46091,79798685.2156373
2373,46093,-549987.0429522557
2374,46095,-2283602.4273698577
2375,46097,5389453.327658734
2376,46099,24164724.334817853
2377,46101,0.0
2378,46103,-9609975.959470904
2379,46105,-60812536.68919158
2380,46107,4092034.6198717384
2381,46109,4561268.9653544165
2382,46111,0.0
2383,46115,-11335663.380841484
2384,46117,-1574533.2053237187
2385,46119,2590208.3499252703
2386,46121,5328354.333279768
2387,46123,759856.5437527403
2388,46125,136745.3230506465
2389,46127,-7678660.640041288
2390,46129,-3359157.585539606
2391,46135,18163808.498415116
2392,46137,-3565088.6596442787
2393,47001,-8051323.712988707
2394,47003,16840457.29418584
2395,47005,-20234993.48120717
2396,47007,17377863.059758972
2397,47009,-25298181.46827424
2398,47011,-4050357.376920696
2399,47013,-25997035.935034215
2400,47015,6928202.435279565
2401,47017,12853349.477297233
2402,47019,-674672.2807444036
2403,47021,-927588.6744016696
2404,47023,0.0
2405,47025,6152691.453229077
2406,47027,-2731060.6747106984
2407,47029,-27527910.661008067
2408,47031,0.0
2409,47033,2469724.888187071
2410,47035,-1436234.6248927088
2411,47037,13647165.782763056
2412,47039,2699113.5273102187
2413,47041,2964275.156308221
2414,47043,0.0
2415,47045,2876409.2379938844
2416,47047,5023322.4129786845
2417,47049,-290223.95901911054
2418,47051,6186806.405261487
2419,47053,3280063.0515726535
2420,47055,-3247271.5389205837
2421,47057,-11286497.039117347
2422,47059,9027182.174158568
2423,47061,-9347506.985550156
2424,47063,-4641624.8642466245
2425,47065,-6123013.198524454
2426,47067,10738155.925353304
2427,47069,-88531.85535336267
2428,47071,-14102556.196783928
2429,47073,-20431813.13023989
2430,47075,1184376.267818603
2431,47077,47683348.95828551
2432,47079,-14075742.108197108
2433,47081,-5801399.0512157045
2434,47083,71512272.09025866
2435,47085,-3131134.608814144
2436,47087,-1361727.010298903
2437,47089,0.0
2438,47091,2856314.4615130993
2439,47093,-5686317.924904846
2440,47095,21934757.163377095
2441,47097,55524.732223203406
2442,47099,0.0
2443,47101,34888254.0266879
2444,47103,0.0
2445,47105,0.0
2446,47107,0.0
2447,47109,0.0
2448,47111,0.0
2449,47113,0.0
2450,47115,0.0
2451,47117,0.0
2452,47119,0.0
2453,47121,0.0
2454,47123,0.0
2455,47125,0.0
2456,47127,0.0
2457,47129,0.0
2458,47131,0.0
2459,47133,0.0
2460,47135,0.0
2461,47137,0.0
2462,47139,0.0
2463,47141,0.0
2464,47143,0.0
2465,47145,0.0
2466,47147,0.0
2467,47149,0.0
2468,47151,0.0
2469,47153,0.0
2470,47155,47712829.52053248
2471,47157,0.0
2472,47159,0.0
2473,47161,0.0
2474,47163,0.0
2475,47165,0.0
2476,47167,0.0
2477,47169,12669857.618533146
2478,47171,0.0
2479,47173,0.0
2480,47175,0.0
2481,47177,0.0
2482,47179,0.0
2483,47181,0.0
2484,47183,40121987.10213771
2485,47185,0.0
2486,47187,0.0
2487,47189,0.0
2488,48001,0.0
2489,48003,0.0
2490,48005,0.0
2491,48007,0.0
2492,48009,0.0
2493,48011,0.0
2494,48013,0.0
2495,48015,0.0
2496,48017,0.0
2497,48019,77519366.8342334
2498,48021,0.0
2499,48023,0.0
2500,48025,0.0
2501,48027,0.0
2502,48029,0.0
2503,48031,125191718.89866447
2504,48033,0.0
2505,48035,0.0
2506,48037,0.0
2507,48039,0.0
2508,48041,0.0
2509,48043,0.0
2510,48045,10224972.568620907
2511,48047,0.0
2512,48049,0.0
2513,48051,0.0
2514,48053,0.0
2515,48055,0.0
2516,48057,40704162.576308005
2517,48059,0.0
2518,48061,0.0
2519,48063,0.0
2520,48065,0.0
2521,48067,0.0
2522,48069,25043639.863059882
2523,48071,0.0
2524,48073,0.0
2525,48075,0.0
2526,48077,0.0
2527,48079,0.0
2528,48081,0.0
2529,48083,0.0
2530,48085,0.0
2531,48087,0.0
2532,48089,0.0
2533,48091,0.0
2534,48093,0.0
2535,48095,0.0
2536,48097,0.0
2537,48099,0.0
2538,48101,0.0
2539,48103,0.0
2540,48105,0.0
2541,48107,0.0
2542,48109,0.0
2543,48111,0.0
2544,48113,0.0
2545,48115,0.0
2546,48117,332736.1883856876
2547,48119,-6711095.349798462
2548,48121,12869716.827759601
2549,48123,694960.6007573208
2550,48125,12371081.359472832
2551,48127,1363043.1790587406
2552,48129,-4474051.687290135
2553,48131,758998.1312571578
2554,48133,-4900351.9091862785
2555,48135,-7763072.582597784
2556,48137,0.0
2557,48139,-7427232.048375396
2558,48141,0.0
2559,48143,6669887.424646558
2560,48145,436332.3643788442
2561,48147,5989918.36661638
2562,48149,0.0
2563,48151,17572030.07780381
2564,48153,-3183426.4058527164
2565,48155,0.0
2566,48157,-24905978.363470413
2567,48159,24088684.77490949
2568,48161,-6627883.657262298
2569,48163,0.0
2570,48165,18283183.22708208
2571,48167,39373006.78637451
2572,48169,0.0
2573,48171,137642.7794781609
2574,48173,0.0
2575,48175,0.0
2576,48177,-5243952.945704274
2577,48179,4411555.511369313
2578,48181,0.0
2579,48183,-14249254.39084408
2580,48185,0.0
2581,48187,-7702377.468997062
2582,48189,0.0
2583,48191,0.0
2584,48193,119081.20312002444
2585,48195,0.0
2586,48197,32774474.259456974
2587,48199,0.0
2588,48201,6154285.669638902
2589,48203,0.0
2590,48205,49092015.946214035
2591,48207,0.0
2592,48209,830460.3014628071
2593,48211,0.0
2594,48213,0.0
2595,48215,0.0
2596,48217,0.0
2597,48219,0.0
2598,48221,0.0
2599,48223,0.0
2600,48225,0.0
2601,48227,0.0
2602,48229,0.0
2603,48231,0.0
2604,48233,0.0
2605,48235,0.0
2606,48237,0.0
2607,48239,0.0
2608,48241,0.0
2609,48243,0.0
2610,48245,0.0
2611,48247,0.0
2612,48249,6126712.943252587
2613,48251,94436915.64034921
2614,48253,0.0
2615,48255,0.0
2616,48257,0.0
2617,48259,0.0
2618,48261,0.0
2619,48263,0.0
2620,48265,0.0
2621,48267,0.0
2622,48269,0.0
2623,48271,0.0
2624,48273,0.0
2625,48275,0.0
2626,48277,0.0
2627,48279,0.0
2628,48281,0.0
2629,48283,-22814719.046969134
2630,48285,0.0
2631,48287,-5047159.368864317
2632,48289,0.0
2633,48291,0.0
2634,48293,0.0
2635,48295,0.0
2636,48297,0.0
2637,48299,0.0
2638,48301,0.0
2639,48303,883031.7035952684
2640,48305,0.0
2641,48307,0.0
2642,48309,0.0
2643,48311,0.0
2644,48313,0.0
2645,48315,0.0
2646,48317,0.0
2647,48319,0.0
2648,48321,0.0
2649,48323,0.0
2650,48325,0.0
2651,48327,0.0
2652,48329,0.0
2653,48331,0.0
2654,48333,0.0
2655,48335,0.0
2656,48337,0.0
2657,48339,0.0
2658,48341,0.0
2659,48343,0.0
2660,48345,0.0
2661,48347,0.0
2662,48349,0.0
2663,48351,0.0
2664,48353,0.0
2665,48355,0.0
2666,48357,0.0
2667,48359,0.0
2668,48361,0.0
2669,48363,0.0
2670,48365,0.0
2671,48367,0.0
2672,48369,0.0
2673,48371,0.0
2674,48373,0.0
2675,48375,0.0
2676,48377,0.0
2677,48379,0.0
2678,48381,0.0
2679,48383,0.0
2680,48385,0.0
2681,48387,0.0
2682,48389,0.0
2683,48391,0.0
2684,48393,0.0
2685,48395,0.0
2686,48397,0.0
2687,48399,0.0
2688,48401,0.0
2689,48403,0.0
2690,48405,0.0
2691,48407,0.0
2692,48409,0.0
2693,48411,0.0
2694,48413,0.0
2695,48415,0.0
2696,48417,0.0
2697,48419,0.0
2698,48421,0.0
2699,48423,0.0
2700,48425,0.0
2701,48427,0.0
2702,48429,0.0
2703,48431,0.0
2704,48433,0.0
2705,48435,0.0
2706,48437,0.0
2707,48439,0.0
2708,48441,0.0
2709,48443,0.0
2710,48445,0.0
2711,48447,0.0
2712,48449,-22915508.025396638
2713,48451,0.0
2714,48453,0.0
2715,48455,0.0
2716,48457,0.0
2717,48459,0.0
2718,48461,0.0
2719,48463,0.0
2720,48465,0.0
2721,48467,0.0
2722,48469,0.0
2723,48471,0.0
2724,48473,0.0
2725,48475,0.0
2726,48477,0.0
2727,48479,0.0
2728,48481,0.0
2729,48483,0.0
2730,48485,0.0
2731,48487,0.0
2732,48489,0.0
2733,48491,0.0
2734,48493,0.0
2735,48495,0.0
2736,48497,0.0
2737,48499,0.0
2738,48501,0.0
2739,48503,0.0
2740,48505,0.0
2741,48507,0.0
2742,49001,0.0
2743,49003,43841437.7591217
2744,49005,0.0
2745,49007,0.0
2746,49009,0.0
2747,49011,0.0
2748,49013,0.0
2749,49015,0.0
2750,49017,0.0
2751,49019,0.0
2752,49021,0.0
2753,49023,21001101.89459568
2754,49025,0.0
2755,49027,0.0
2756,49029,0.0
2757,49031,0.0
2758,49033,0.0
2759,49035,0.0
2760,49037,0.0
2761,49039,0.0
2762,49041,0.0
2763,49043,0.0
2764,49045,0.0
2765,49047,0.0
2766,49049,0.0
2767,49051,0.0
2768,49053,0.0
2769,49055,0.0
2770,49057,0.0
2771,50001,0.0
2772,50003,0.0
2773,50005,0.0
2774,50007,0.0
2775,50009,0.0
2776,50011,-15807300.631392062
2777,50013,0.0
2778,50015,0.0
2779,50017,0.0
2780,50019,0.0
2781,50021,0.0
2782,50023,0.0
2783,50025,0.0
2784,50027,0.0
2785,51001,0.0
2786,51003,0.0
2787,51005,0.0
2788,51007,0.0
2789,51009,0.0
2790,51011,0.0
2791,51013,0.0
2792,51015,0.0
2793,51017,0.0
2794,51019,0.0
2795,51021,0.0
2796,51023,0.0
2797,51025,0.0
2798,51027,0.0
2799,51029,0.0
2800,51031,0.0
2801,51033,0.0
2802,51035,0.0
2803,51036,0.0
2804,51037,0.0
2805,51041,0.0
2806,51043,0.0
2807,51045,0.0
2808,51047,0.0
2809,51049,0.0
2810,51051,0.0
2811,51053,0.0
2812,51057,0.0
2813,51059,0.0
2814,51061,0.0
2815,51063,0.0
2816,51065,19137072.28274631
2817,51067,0.0
2818,51069,0.0
2819,51071,0.0
2820,51073,-4214017.253782641
2821,51075,0.0
2822,51077,0.0
2823,51079,0.0
2824,51081,0.0
2825,51083,0.0
2826,51085,0.0
2827,51087,0.0
2828,51089,0.0
2829,51091,0.0
2830,51093,0.0
2831,51095,0.0
2832,51097,0.0
2833,51099,0.0
2834,51101,0.0
2835,51103,0.0
2836,51105,0.0
2837,51107,0.0
2838,51109,0.0
2839,51111,0.0
2840,51113,0.0
2841,51115,0.0
2842,51117,0.0
2843,51119,0.0
2844,51121,0.0
2845,51125,0.0
2846,51127,0.0
2847,51131,0.0
2848,51133,0.0
2849,51135,0.0
2850,51137,0.0
2851,51139,0.0
2852,51141,0.0
2853,51143,0.0
2854,51145,0.0
2855,51147,0.0
2856,51149,0.0
2857,51153,0.0
2858,51155,0.0
2859,51157,0.0
2860,51159,0.0
2861,51161,0.0
2862,51163,0.0
2863,51165,0.0
2864,51167,0.0
2865,51169,0.0
2866,51171,0.0
2867,51173,0.0
2868,51175,0.0
2869,51177,0.0
2870,51179,0.0
2871,51181,0.0
2872,51183,0.0
2873,51185,0.0
2874,51187,0.0
2875,51191,0.0
2876,51193,0.0
2877,51195,0.0
2878,51197,0.0
2879,51199,0.0
2880,51650,0.0
2881,51700,0.0
2882,51710,0.0
2883,51800,0.0
2884,51810,0.0
2885,53001,0.0
2886,53003,0.0
2887,53005,0.0
2888,53007,0.0
2889,53009,0.0
2890,53011,0.0
2891,53013,0.0
2892,53015,0.0
2893,53017,0.0
2894,53019,0.0
2895,53021,0.0
2896,53023,0.0
2897,53025,0.0
2898,53027,0.0
2899,53029,0.0
2900,53031,0.0
2901,53033,0.0
2902,53035,0.0
2903,53037,0.0
2904,53039,0.0
2905,53041,0.0
2906,53043,0.0
2907,53045,0.0
2908,53047,0.0
2909,53049,2003622.7203613766
2910,53051,0.0
2911,53053,44400130.41970429
2912,53055,0.0
2913,53057,0.0
2914,53059,4791784.084026194
2915,53061,52180252.33522759
2916,53063,0.0
2917,53065,37386369.10141623
2918,53067,0.0
2919,53069,22451367.94807421
2920,53071,16965120.341411594
2921,53073,18909772.57750859
2922,53075,23363923.84204975
2923,53077,40961025.75008635
2924,54001,19712061.578410957
2925,54003,42434537.518280424
2926,54005,-2777460.5547587504
2927,54007,31547601.16894141
2928,54009,67880781.47630236
2929,54011,7385356.480102208
2930,54013,94301543.02928124
2931,54015,36332444.85459926
2932,54017,27198515.138846662
2933,54019,38211934.39739426
2934,54021,22604732.302769978
2935,54023,21678469.879010558
2936,54025,0.0
2937,54027,27920140.093381893
2938,54029,33338172.755879782
2939,54031,-5936934.68625387
2940,54033,0.0
2941,54035,0.0
2942,54037,0.0
2943,54039,0.0
2944,54041,0.0
2945,54043,0.0
2946,54045,0.0
2947,54047,0.0
2948,54049,0.0
2949,54051,0.0
2950,54053,0.0
2951,54055,0.0
2952,54057,0.0
2953,54059,0.0
2954,54061,0.0
2955,54063,0.0
2956,54065,0.0
2957,54067,0.0
2958,54069,0.0
2959,54071,0.0
2960,54073,0.0
2961,54075,0.0
2962,54077,0.0
2963,54079,0.0
2964,54081,0.0
2965,54083,0.0
2966,54085,0.0
2967,54087,0.0
2968,54089,0.0
2969,54091,0.0
2970,54093,0.0
2971,54095,0.0
2972,54097,0.0
2973,54099,0.0
2974,54101,0.0
2975,54103,0.0
2976,54105,0.0
2977,54107,0.0
2978,54109,0.0
2979,55001,0.0
2980,55003,0.0
2981,55005,0.0
2982,55007,0.0
2983,55009,0.0
2984,55011,0.0
2985,55013,0.0
2986,55015,0.0
2987,55017,0.0
2988,55019,-13244368.474924175
2989,55021,19141788.327712305
2990,55023,0.0
2991,55025,0.0
2992,55027,0.0
2993,55029,0.0
2994,55031,53922102.690623656
2995,55033,14422429.394758757
2996,55035,0.0
2997,55037,0.0
2998,55039,0.0
2999,55041,0.0
3000,55043,0.0
3001,55045,0.0
3002,55047,0.0
3003,55049,0.0
3004,55051,0.0
3005,55053,0.0
3006,55055,0.0
3007,55057,0.0
3008,55059,0.0
3009,55061,0.0
3010,55063,0.0
3011,55065,0.0
3012,55067,0.0
3013,55069,0.0
3014,55071,-32521372.05468612
3015,55073,0.0
3016,55075,0.0
3017,55077,0.0
3018,55078,0.0
3019,55079,0.0
3020,55081,0.0
3021,55083,0.0
3022,55085,0.0
3023,55087,0.0
3024,55089,0.0
3025,55091,0.0
3026,55093,0.0
3027,55095,0.0
3028,55097,0.0
3029,55099,0.0
3030,55101,0.0
3031,55103,0.0
3032,55105,0.0
3033,55107,0.0
3034,55109,0.0
3035,55111,0.0
3036,55113,0.0
3037,55115,0.0
3038,55117,0.0
3039,55119,0.0
3040,55121,0.0
3041,55123,0.0
3042,55125,0.0
3043,55127,0.0
3044,55129,0.0
3045,55131,0.0
3046,55133,0.0
3047,55135,-3589706.2126762667
3048,55137,0.0
3049,55139,0.0
3050,55141,0.0
3051,56001,0.0
3052,56003,0.0
3053,56005,0.0
3054,56007,0.0
3055,56009,0.0
3056,56011,0.0
3057,56013,0.0
3058,56015,0.0
3059,56017,0.0
3060,56019,0.0
3061,56021,0.0
3062,56023,0.0
3063,56025,0.0
3064,56027,0.0
3065,56029,0.0
3066,56031,-19988092.651076183
3067,56033,0.0
3068,56035,-16945206.189141545
3069,56037,-8617474.227543991
3070,56039,0.0
3071,56041,-3300332.1969544287
3072,56043,0.0
3073,56045,25472152.250427738
