,fips,values,colors
0,1001,0.021718589511392793,#74c476
1,1003,0.010710063998845989,#74c476
2,1005,-0.03371650998698971,#a1d99b
3,1007,0.0,#ffffff
4,1009,0.0,#ffffff
5,1011,0.0,#ffffff
6,1013,0.05322062198944916,#74c476
7,1015,0.0,#ffffff
8,1017,0.0,#ffffff
9,1019,0.0,#ffffff
10,1021,0.0,#ffffff
11,1023,0.0,#ffffff
12,1025,0.0,#ffffff
13,1027,0.0,#ffffff
14,1029,0.0,#ffffff
15,1031,0.0,#ffffff
16,1033,0.0,#ffffff
17,1035,0.0,#ffffff
18,1037,0.0,#ffffff
19,1039,0.0,#ffffff
20,1041,0.0,#ffffff
21,1043,0.0,#ffffff
22,1045,0.0,#ffffff
23,1047,0.0,#ffffff
24,1049,0.0,#ffffff
25,1051,0.0,#ffffff
26,1053,0.0,#ffffff
27,1055,0.07052763603366684,#74c476
28,1057,0.0,#ffffff
29,1059,0.0,#ffffff
30,1061,0.0,#ffffff
31,1063,0.0,#ffffff
32,1065,0.0,#ffffff
33,1067,0.0,#ffffff
34,1069,0.0,#ffffff
35,1071,0.0,#ffffff
36,1073,0.0,#ffffff
37,1075,0.0,#ffffff
38,1077,0.0,#ffffff
39,1079,0.020095740167520887,#74c476
40,1081,0.0,#ffffff
41,1083,0.0,#ffffff
42,1085,0.0,#ffffff
43,1087,0.0,#ffffff
44,1089,0.0,#ffffff
45,1091,0.0808401225509151,#74c476
46,1093,0.0,#ffffff
47,1095,-0.016737215751348036,#a1d99b
48,1097,0.0,#ffffff
49,1099,0.02162736779323664,#74c476
50,1101,0.0,#ffffff
51,1103,0.0,#ffffff
52,1105,0.007994371745442793,#a1d99b
53,1107,0.0,#ffffff
54,1109,0.0720072017486484,#74c476
55,1111,0.0,#ffffff
56,1113,0.002378455541579737,#a1d99b
57,1115,0.006630929909406012,#a1d99b
58,1117,0.00474686962548228,#a1d99b
59,1119,-0.045992505379615536,#a1d99b
60,1121,0.019593630408474335,#74c476
61,1123,0.02779184909537727,#74c476
62,1125,0.023198367191333173,#74c476
63,1127,0.03898330319144481,#74c476
64,1129,0.0012744098429396948,#a1d99b
65,1131,0.04651004842853545,#74c476
66,1133,0.0,#ffffff
67,4001,0.06046369044734374,#74c476
68,4003,-0.022897439496758418,#a1d99b
69,4005,-0.0013736577811722698,#a1d99b
70,4007,0.0,#ffffff
71,4009,0.02797991760999739,#74c476
72,4011,0.0,#ffffff
73,4012,0.002842378542981929,#a1d99b
74,4013,-0.0024008662269667837,#a1d99b
75,4015,0.0,#ffffff
76,4017,0.008495823779079575,#a1d99b
77,4019,0.0,#ffffff
78,4021,0.0,#ffffff
79,4023,0.0,#ffffff
80,4025,0.022035028901334436,#74c476
81,4027,0.022879884819695554,#74c476
82,5001,0.008656995848306991,#a1d99b
83,5003,-0.04058247120990112,#a1d99b
84,5005,0.0,#ffffff
85,5007,0.0,#ffffff
86,5009,0.0,#ffffff
87,5011,0.0,#ffffff
88,5013,0.0,#ffffff
89,5015,-0.016410311222696188,#a1d99b
90,5017,-0.022216601688727262,#a1d99b
91,5019,0.025816677603185446,#74c476
92,5021,0.026421942908835618,#74c476
93,5023,0.007053099399568183,#a1d99b
94,5025,0.0341155469610591,#74c476
95,5027,-0.0030337225417960537,#a1d99b
96,5029,0.025238600574313885,#74c476
97,5031,0.02450593369682445,#74c476
98,5033,0.04602733207463047,#74c476
99,5035,0.0370255432119225,#74c476
100,5037,0.03891132068043927,#74c476
101,5039,0.04051303480053742,#74c476
102,5041,0.16616495819395716,#74c476
103,5043,0.03828043117204573,#74c476
104,5045,0.0,#ffffff
105,5047,0.1492444979856261,#74c476
106,5049,0.4072594597271527,#238b45
107,5051,0.0,#ffffff
108,5053,0.01784636245350298,#74c476
109,5055,-0.042258413321339075,#a1d99b
110,5057,0.1270863028309202,#74c476
111,5059,0.0,#ffffff
112,5061,-0.04493459133567868,#a1d99b
113,5063,0.0,#ffffff
114,5065,-0.01899289848262676,#a1d99b
115,5067,-0.01413030640265523,#a1d99b
116,5069,0.0,#ffffff
117,5071,0.003873538929533621,#a1d99b
118,5073,0.14813738113234237,#74c476
119,5075,-0.012344164914599427,#a1d99b
120,5077,0.006017529773970852,#a1d99b
121,5079,-0.010913201344262626,#a1d99b
122,5081,-0.022132767369373047,#a1d99b
123,5083,0.11385914163601055,#74c476
124,5085,0.0,#ffffff
125,5087,0.15473245974779692,#74c476
126,5089,-0.009988198832319667,#a1d99b
127,5091,-0.016006834422823173,#a1d99b
128,5093,-0.015663090123644117,#a1d99b
129,5095,0.009583393851816868,#a1d99b
130,5097,0.03068455266693142,#74c476
131,5099,-0.40346060994165245,#e5f5e0
132,5101,0.0279231569353311,#74c476
133,5103,-0.025208639125488878,#a1d99b
134,5105,0.10669194252693041,#74c476
135,5107,0.0029300902173948875,#a1d99b
136,5109,-0.020049515617069795,#a1d99b
137,5111,0.10151647025145367,#74c476
138,5113,0.0,#ffffff
139,5115,-0.03412392052687211,#a1d99b
140,5117,0.0,#ffffff
141,5119,-0.0022380592461754677,#a1d99b
142,5121,0.0,#ffffff
143,5123,-0.0515641096601703,#a1d99b
144,5125,-0.0033260324840300357,#a1d99b
145,5127,-0.02715028296041433,#a1d99b
146,5129,0.0,#ffffff
147,5131,-0.08269838831554338,#a1d99b
148,5133,0.0,#ffffff
149,5135,-0.022832325813904344,#a1d99b
150,5137,0.11420303660550996,#74c476
151,5139,0.0,#ffffff
152,5141,-0.01692407715493616,#a1d99b
153,5143,0.0,#ffffff
154,5145,-0.02023613893151821,#a1d99b
155,5147,-0.00011195544905256714,#a1d99b
156,5149,-0.03136458670676772,#a1d99b
157,6001,0.0,#ffffff
158,6003,-0.05573231492430949,#a1d99b
159,6005,0.0,#ffffff
160,6007,0.009855140396979743,#a1d99b
161,6009,0.0,#ffffff
162,6011,0.0,#ffffff
163,6013,0.27727374032533325,#41ab5d
164,6015,0.06744573709345082,#74c476
165,6017,0.5398544175621547,#238b45
166,6019,-0.055341710915491185,#a1d99b
167,6021,-0.4664746647799601,#e5f5e0
168,6023,0.007959103164837498,#a1d99b
169,6025,-0.0766173732184412,#a1d99b
170,6027,-0.010171166733076505,#a1d99b
171,6029,-0.011619999966709366,#a1d99b
172,6031,-0.06799701088291972,#a1d99b
173,6033,0.005430571650460564,#a1d99b
174,6035,0.18630989658140903,#74c476
175,6037,-0.025824167404485586,#a1d99b
176,6039,0.16520724974214251,#74c476
177,6041,-0.07195888729039888,#a1d99b
178,6043,0.0038689228734275476,#a1d99b
179,6045,0.03808635010701437,#74c476
180,6047,-0.049152095705052,#a1d99b
181,6049,0.019497906894316238,#74c476
182,6051,-0.00021289415367086557,#a1d99b
183,6053,0.0,#ffffff
184,6055,0.0043018287651416685,#a1d99b
185,6057,-0.0018406455269959182,#a1d99b
186,6059,0.0,#ffffff
187,6061,-0.026836585368489003,#a1d99b
188,6063,-0.04361881043478045,#a1d99b
189,6065,0.0038409518788536426,#a1d99b
190,6067,0.009927898237036959,#74c476
191,6069,0.015951180373061986,#74c476
192,6071,0.0,#ffffff
193,6073,-0.026004000286045582,#a1d99b
194,6075,0.014911929616471286,#74c476
195,6077,0.0,#ffffff
196,6079,0.0,#ffffff
197,6081,-0.007436442968620965,#a1d99b
198,6083,0.0,#ffffff
199,6085,0.023072361604511017,#74c476
200,6087,-0.010214352943842517,#a1d99b
201,6089,0.1403099255023947,#74c476
202,6091,0.0,#ffffff
203,6093,0.036255665181306865,#74c476
204,6095,-0.06421933662674206,#a1d99b
205,6097,0.0,#ffffff
206,6099,0.07097672710088554,#74c476
207,6101,-0.011043487532201175,#a1d99b
208,6103,-0.008433009211924651,#a1d99b
209,6105,0.0011698041059188939,#a1d99b
210,6107,0.017918722597153932,#74c476
211,6109,0.0,#ffffff
212,6111,-0.018937971359641786,#a1d99b
213,6113,0.0,#ffffff
214,6115,-0.025010053079400952,#a1d99b
215,8001,0.0,#ffffff
216,8003,0.0,#ffffff
217,8005,0.0,#ffffff
218,8007,-0.04791598161073351,#a1d99b
219,8009,0.22263115834500805,#41ab5d
220,8011,0.0,#ffffff
221,8013,-0.028362688501237465,#a1d99b
222,8014,0.03585127548281156,#74c476
223,8015,0.04136309339003627,#74c476
224,8017,0.015806819077804294,#74c476
225,8019,-0.02132870655172628,#a1d99b
226,8021,0.01405525725184663,#74c476
227,8023,-0.012929079126120986,#a1d99b
228,8025,-0.03821950585528407,#a1d99b
229,8027,0.03739086287167808,#74c476
230,8029,0.0,#ffffff
231,8031,-0.018058898105058688,#a1d99b
232,8033,0.031111372882243117,#74c476
233,8035,-0.007884852373541543,#a1d99b
234,8037,0.005342486353862576,#a1d99b
235,8039,0.01495356757468522,#74c476
236,8041,-0.0153446251388404,#a1d99b
237,8043,-0.01100961543816305,#a1d99b
238,8045,0.0014865132188802057,#a1d99b
239,8047,-0.009638464035102937,#a1d99b
240,8049,0.0,#ffffff
241,8051,-0.021785709218128765,#a1d99b
242,8053,-0.02698591693559879,#a1d99b
243,8055,-0.008060584685584923,#a1d99b
244,8057,-0.0023114028414313622,#a1d99b
245,8059,0.007342200681830908,#a1d99b
246,8061,0.0,#ffffff
247,8063,0.04761845868609034,#74c476
248,8065,0.0,#ffffff
249,8067,0.0,#ffffff
250,8069,0.0,#ffffff
251,8071,0.05075728769146543,#74c476
252,8073,0.021812826283760342,#74c476
253,8075,0.0,#ffffff
254,8077,0.0,#ffffff
255,8079,0.01636704845537272,#74c476
256,8081,-0.046903634339138384,#a1d99b
257,8083,0.020198308787607304,#74c476
258,8085,0.026337735849936865,#74c476
259,8087,0.0,#ffffff
260,8089,0.0,#ffffff
261,8091,0.0,#ffffff
262,8093,0.007752232943354963,#a1d99b
263,8095,0.016951945613802234,#74c476
264,8097,0.0,#ffffff
265,8099,0.008509174404741263,#a1d99b
266,8101,0.0,#ffffff
267,8103,-0.026113441440234184,#a1d99b
268,8105,0.0,#ffffff
269,8107,0.0,#ffffff
270,8109,0.010274071991943414,#74c476
271,8111,0.014499475081626884,#74c476
272,8113,0.0,#ffffff
273,8115,0.024053383231963057,#74c476
274,8117,0.0,#ffffff
275,8119,0.0,#ffffff
276,8121,0.009743301765137774,#a1d99b
277,8123,-9.333488613132602e-05,#a1d99b
278,8125,0.05972949754893434,#74c476
279,9001,-0.016678219412850494,#a1d99b
280,9003,0.013296167517569221,#74c476
281,9005,0.0,#ffffff
282,9007,0.0,#ffffff
283,9009,0.011412796972388974,#74c476
284,9011,0.06922342149727682,#74c476
285,9013,0.005089251389595395,#a1d99b
286,9015,-0.03947359360176824,#a1d99b
287,10001,-0.003183693097559905,#a1d99b
288,10003,0.03371167385087165,#74c476
289,10005,0.010317343574391688,#74c476
290,11001,0.01097734304904942,#74c476
291,12001,0.08736790619116583,#74c476
292,12003,0.09500994009939867,#74c476
293,12005,0.0,#ffffff
294,12007,-0.09240328564158298,#a1d99b
295,12009,0.00043527745992177344,#a1d99b
296,12011,0.1250414429223151,#74c476
297,12013,0.0,#ffffff
298,12015,0.010257421312225214,#74c476
299,12017,0.04533774262614654,#74c476
300,12019,0.0,#ffffff
301,12021,0.0,#ffffff
302,12023,0.0,#ffffff
303,12027,0.05388551216214159,#74c476
304,12029,0.0,#ffffff
305,12031,0.0,#ffffff
306,12033,0.0,#ffffff
307,12035,-0.01642149880153118,#a1d99b
308,12037,0.060468361411010856,#74c476
309,12039,0.08228851553531003,#74c476
310,12041,0.18173484395430806,#74c476
311,12043,0.0,#ffffff
312,12045,0.006156055770975725,#a1d99b
313,12047,0.008225243489869038,#a1d99b
314,12049,0.12631474859222355,#74c476
315,12051,-0.0057617074418433575,#a1d99b
316,12053,0.0,#ffffff
317,12055,0.0,#ffffff
318,12057,-0.012223967088783875,#a1d99b
319,12059,0.08201818592081324,#74c476
320,12061,0.0012911725803179813,#a1d99b
321,12063,0.0071360604984151855,#a1d99b
322,12065,0.030867147087680607,#74c476
323,12067,0.05657109755631671,#74c476
324,12069,-0.013771307560905551,#a1d99b
325,12071,-0.02670983695937361,#a1d99b
326,12073,0.0188797713703235,#74c476
327,12075,0.0,#ffffff
328,12077,0.0035687911233919065,#a1d99b
329,12079,0.0,#ffffff
330,12081,0.056034495013194456,#74c476
331,12083,0.010674215165877118,#74c476
332,12085,0.022574807362778174,#74c476
333,12086,-0.0526232762983131,#a1d99b
334,12087,-0.015216726102061227,#a1d99b
335,12089,0.03895853320942329,#74c476
336,12091,0.022114269530100986,#74c476
337,12093,0.0042795646185702614,#a1d99b
338,12095,0.037980611799184175,#74c476
339,12097,0.06927013601550032,#74c476
340,12099,0.0,#ffffff
341,12101,0.0020033152539920564,#a1d99b
342,12103,-0.011656685018938363,#a1d99b
343,12105,-0.025787926412738374,#a1d99b
344,12107,0.040267365103764496,#74c476
345,12109,0.007658162181677387,#a1d99b
346,12111,0.1137025680528848,#74c476
347,12113,0.06357918419059919,#74c476
348,12115,0.03392806094864192,#74c476
349,12117,0.05756588624954521,#74c476
350,12119,0.013830112737206446,#74c476
351,12121,0.0732358512007965,#74c476
352,12123,-0.03979680718514951,#a1d99b
353,12125,0.07801508066120391,#74c476
354,12127,0.07649313659299875,#74c476
355,12129,0.016153386677211813,#74c476
356,12131,0.06795256618796654,#74c476
357,12133,0.16771941260521406,#74c476
358,13001,0.11019783695372008,#74c476
359,13003,0.03600432568756454,#74c476
360,13005,0.15877289566291067,#74c476
361,13007,0.022099671396002347,#74c476
362,13009,0.015603207407169242,#74c476
363,13011,0.07157086094519703,#74c476
364,13013,0.01494111307066033,#74c476
365,13015,0.12181870364981161,#74c476
366,13017,0.026390913343306007,#74c476
367,13019,0.0,#ffffff
368,13021,-0.05619878454521415,#a1d99b
369,13023,-0.03388906414511873,#a1d99b
370,13025,0.0,#ffffff
371,13027,-0.016200180956361946,#a1d99b
372,13029,0.00586918688020467,#a1d99b
373,13031,0.0,#ffffff
374,13033,0.0,#ffffff
375,13035,0.024611361100865724,#74c476
376,13037,0.0,#ffffff
377,13039,0.0,#ffffff
378,13043,0.0,#ffffff
379,13045,0.006312841328971883,#a1d99b
380,13047,0.05578215835757494,#74c476
381,13049,0.0,#ffffff
382,13051,0.0,#ffffff
383,13053,0.0,#ffffff
384,13055,0.0,#ffffff
385,13057,-0.05225703051169973,#a1d99b
386,13059,-0.016771656103900374,#a1d99b
387,13061,-0.011266405951378124,#a1d99b
388,13063,0.06923017433635771,#74c476
389,13065,0.014540241184106165,#74c476
390,13067,-0.005366966706990142,#a1d99b
391,13069,-0.020858507453504555,#a1d99b
392,13071,-0.013720175504096026,#a1d99b
393,13073,-0.00012023564562162217,#a1d99b
394,13075,-0.021746497307119975,#a1d99b
395,13077,0.014122457496776162,#74c476
396,13079,-0.0367083654278116,#a1d99b
397,13081,-0.028330096799945564,#a1d99b
398,13083,-0.08416436625476058,#a1d99b
399,13085,-0.01339651283004079,#a1d99b
400,13087,0.018029680579212008,#74c476
401,13089,0.0,#ffffff
402,13091,0.0,#ffffff
403,13093,-0.008444910978584958,#a1d99b
404,13095,-0.024883547273144114,#a1d99b
405,13097,0.018864467650336208,#74c476
406,13099,0.01480438776780851,#74c476
407,13101,-0.01688492166264666,#a1d99b
408,13103,0.0027293235808537497,#a1d99b
409,13105,-0.01673750998315028,#a1d99b
410,13107,0.03606673494529936,#74c476
411,13109,0.023838464979286766,#74c476
412,13111,-0.01040941129413843,#a1d99b
413,13113,-0.01544870903447828,#a1d99b
414,13115,-0.019898870593377627,#a1d99b
415,13117,0.03166007852656482,#74c476
416,13119,0.01702888817645998,#74c476
417,13121,-0.026329361079678794,#a1d99b
418,13123,-0.0263521813236254,#a1d99b
419,13125,0.09579975254328509,#74c476
420,13127,0.0015506060084431194,#a1d99b
421,13129,0.03290696351454929,#74c476
422,13131,0.0,#ffffff
423,13133,0.04548751565258149,#74c476
424,13135,0.0,#ffffff
425,13137,0.0,#ffffff
426,13139,0.0,#ffffff
427,13141,0.0005195058092132087,#a1d99b
428,13143,0.0,#ffffff
429,13145,0.000995739021250123,#a1d99b
430,13147,0.05728476024380184,#74c476
431,13149,0.0,#ffffff
432,13151,0.0,#ffffff
433,13153,-0.019011669204023435,#a1d99b
434,13155,-0.0010021547941152474,#a1d99b
435,13157,-0.010496562576921093,#a1d99b
436,13159,0.01744885481902691,#74c476
437,13161,0.0,#ffffff
438,13163,0.02789902597774432,#74c476
439,13165,-0.028956256872895113,#a1d99b
440,13167,0.0015508850296772063,#a1d99b
441,13169,0.00495880654015236,#a1d99b
442,13171,0.00914355265657965,#a1d99b
443,13173,0.020581351228120753,#74c476
444,13175,0.017249328512396325,#74c476
445,13177,0.0,#ffffff
446,13179,0.008241926421947621,#a1d99b
447,13181,0.030825991128082087,#74c476
448,13183,0.0,#ffffff
449,13185,0.010021961791883905,#74c476
450,13187,0.0,#ffffff
451,13189,0.044469362102799434,#74c476
452,13191,0.0,#ffffff
453,13193,0.004338098992329036,#a1d99b
454,13195,0.0,#ffffff
455,13197,0.027109724687653776,#74c476
456,13199,-0.05110739537012251,#a1d99b
457,13201,-0.04079331323137361,#a1d99b
458,13205,0.012698421115017549,#74c476
459,13207,-0.000504854305112415,#a1d99b
460,13209,-0.021354044930968492,#a1d99b
461,13211,-0.004563004687204715,#a1d99b
462,13213,-0.01657915102501846,#a1d99b
463,13215,-0.01674878583238333,#a1d99b
464,13217,0.02434762794361444,#74c476
465,13219,-0.01987018699009407,#a1d99b
466,13221,0.05700922429129498,#74c476
467,13223,0.061700076229320354,#74c476
468,13225,-0.3235106946837511,#c7e9c0
469,13227,0.036839297729501556,#74c476
470,13229,0.0,#ffffff
471,13231,-0.007688208531498249,#a1d99b
472,13233,0.06342570715793504,#74c476
473,13235,0.0537401607272403,#74c476
474,13237,0.0,#ffffff
475,13239,-0.08088491661993509,#a1d99b
476,13241,0.1556206343010742,#74c476
477,13243,-0.004563272869973544,#a1d99b
478,13245,-0.02307669754428616,#a1d99b
479,13247,-0.04377056880366919,#a1d99b
480,13249,0.10289814584914192,#74c476
481,13251,0.02161166159394324,#74c476
482,13253,-0.047391599221252884,#a1d99b
483,13255,0.0,#ffffff
484,13257,0.015949569142536472,#74c476
485,13259,0.006387396779111008,#a1d99b
486,13261,0.03605400920290082,#74c476
487,13263,0.011355790541090548,#74c476
488,13265,0.040160114679540525,#74c476
489,13267,-0.007057416824805219,#a1d99b
490,13269,0.0,#ffffff
491,13271,0.046493471303464096,#74c476
492,13273,-0.06859711672641407,#a1d99b
493,13275,0.013879814920298,#74c476
494,13277,-0.020949924921762016,#a1d99b
495,13279,-0.008992983016571025,#a1d99b
496,13281,0.0026678340524101144,#a1d99b
497,13283,0.0,#ffffff
498,13285,-0.032426050468909694,#a1d99b
499,13287,-0.02769909548979362,#a1d99b
500,13289,0.3928757098930509,#41ab5d
501,13291,0.10151819589249325,#74c476
502,13293,0.0,#ffffff
503,13295,0.26690306834422955,#41ab5d
504,13297,-0.007070167403951815,#a1d99b
505,13299,-0.023838847404502726,#a1d99b
506,13301,-0.01576503939565191,#a1d99b
507,13303,-0.0031096365922963836,#a1d99b
508,13305,0.018460662945269345,#74c476
509,13307,-0.004643996088705118,#a1d99b
510,13309,0.01512494666589678,#74c476
511,13311,0.02144092472185048,#74c476
512,13313,0.18208057101828332,#74c476
513,13315,-0.009397905501784586,#a1d99b
514,13317,0.007156767910212813,#a1d99b
515,13319,-0.050365453216444075,#a1d99b
516,13321,-0.0066633782830491355,#a1d99b
517,16001,0.016325565167870777,#74c476
518,16003,0.005353529813485235,#a1d99b
519,16005,-0.007070101672233645,#a1d99b
520,16007,-0.031244904938796607,#a1d99b
521,16009,0.0970240631423127,#74c476
522,16011,0.007533275644979064,#a1d99b
523,16013,0.004202126905573603,#a1d99b
524,16015,-0.046081244425353995,#a1d99b
525,16017,0.11446866753168865,#74c476
526,16019,0.010225813924279159,#74c476
527,16021,0.015490399587530016,#74c476
528,16023,-0.015991906068090853,#a1d99b
529,16025,0.0015405193172405881,#a1d99b
530,16027,0.017825138514428608,#74c476
531,16029,-0.007483764290111619,#a1d99b
532,16031,-0.006363647914193403,#a1d99b
533,16033,-0.03343486576378353,#a1d99b
534,16035,0.0,#ffffff
535,16037,0.0,#ffffff
536,16039,0.07110191452805575,#74c476
537,16041,0.0,#ffffff
538,16043,0.0014958587083088663,#a1d99b
539,16045,0.02268011800864383,#74c476
540,16047,-0.0063107892604186405,#a1d99b
541,16049,0.008783676689962617,#a1d99b
542,16051,-0.005409694907022926,#a1d99b
543,16053,-0.008692898751701057,#a1d99b
544,16055,0.024811720796175656,#74c476
545,16057,0.009625482137225225,#a1d99b
546,16059,0.01571880520662101,#74c476
547,16061,0.0,#ffffff
548,16063,-0.017322924736583215,#a1d99b
549,16065,0.017546316531448027,#74c476
550,16067,-0.024782937626502525,#a1d99b
551,16069,0.0,#ffffff
552,16071,0.15755844263880942,#74c476
553,16073,-0.044145652693582615,#a1d99b
554,16075,-0.012470141782689547,#a1d99b
555,16077,0.0,#ffffff
556,16079,-0.025340461553915082,#a1d99b
557,16081,0.015479107862281695,#74c476
558,16083,-0.09808363893630431,#a1d99b
559,16085,-0.026417568206344135,#a1d99b
560,16087,0.0,#ffffff
561,17001,-0.001200785202861262,#a1d99b
562,17003,-0.042413034878416536,#a1d99b
563,17005,0.018131420136506256,#74c476
564,17007,-0.0196577753799385,#a1d99b
565,17009,0.11238536805651542,#74c476
566,17011,0.02128842720180076,#74c476
567,17013,0.12693078729174767,#74c476
568,17015,0.12862666399666373,#74c476
569,17017,0.0933657374709856,#74c476
570,17019,-6.14611912294021e-05,#a1d99b
571,17021,0.0,#ffffff
572,17023,-0.010700206216819781,#a1d99b
573,17025,0.12902729640693,#74c476
574,17027,-0.030294174467173616,#a1d99b
575,17029,0.0,#ffffff
576,17031,0.0,#ffffff
577,17033,0.010822911777040662,#74c476
578,17035,0.020965756645383943,#74c476
579,17037,0.38138569052973104,#41ab5d
580,17039,0.020940351486365208,#74c476
581,17041,0.0,#ffffff
582,17043,0.0553933373308986,#74c476
583,17045,-0.03096551715606411,#a1d99b
584,17047,0.0,#ffffff
585,17049,-0.0274696615284123,#a1d99b
586,17051,0.0,#ffffff
587,17053,0.14257936552537276,#74c476
588,17055,0.09647492756453754,#74c476
589,17057,0.06841898199707339,#74c476
590,17059,0.0,#ffffff
591,17061,-0.007237885927396039,#a1d99b
592,17063,0.025409045938882407,#74c476
593,17065,0.0,#ffffff
594,17067,-0.01312571503945799,#a1d99b
595,17069,0.16122372398615542,#74c476
596,17071,0.21480296803432147,#41ab5d
597,17073,-0.03741914157896079,#a1d99b
598,17075,0.15104134455507706,#74c476
599,17077,0.0,#ffffff
600,17079,0.0008546544358198633,#a1d99b
601,17081,0.024276130413574553,#74c476
602,17083,0.019622570653418898,#74c476
603,17085,0.3595655144330912,#41ab5d
604,17087,0.09349735367384075,#74c476
605,17089,0.0,#ffffff
606,17091,-0.0010089854752335294,#a1d99b
607,17093,0.016710094370786046,#74c476
608,17095,0.17667561339697133,#74c476
609,17097,0.012449802857669152,#74c476
610,17099,0.010794553389855613,#74c476
611,17101,0.16045944296715037,#74c476
612,17103,0.0,#ffffff
613,17105,0.034937596325524324,#74c476
614,17107,0.008600929791425656,#a1d99b
615,17109,-0.013100082326142903,#a1d99b
616,17111,0.17221701783972485,#74c476
617,17113,0.21599999731513073,#41ab5d
618,17115,-0.03202310008138254,#a1d99b
619,17117,0.0,#ffffff
620,17119,0.024084550833120385,#74c476
621,17121,0.19662883781907178,#74c476
622,17123,0.04564246594113602,#74c476
623,17125,0.02270586228724822,#74c476
624,17127,0.06405095060997303,#74c476
625,17129,0.0004043624110778788,#a1d99b
626,17131,0.033882574230262405,#74c476
627,17133,0.616545970270036,#005ad2c
628,17135,0.0,#ffffff
629,17137,-0.012278082062359037,#a1d99b
630,17139,-0.0025691304445460096,#a1d99b
631,17141,0.010908210444142082,#74c476
632,17143,0.0034236266219822113,#a1d99b
633,17145,0.003701802184612721,#a1d99b
634,17147,0.074368625752458,#74c476
635,17149,0.04685147962296357,#74c476
636,17151,0.005865637923817289,#a1d99b
637,17153,0.0019091156632924503,#a1d99b
638,17155,0.0,#ffffff
639,17157,-0.001747999451261643,#a1d99b
640,17159,0.01506674742038668,#74c476
641,17161,0.04290411982181236,#74c476
642,17163,-0.028245204416907865,#a1d99b
643,17165,-0.004781249917414502,#a1d99b
644,17167,0.01780304027793187,#74c476
645,17169,0.055195908083811376,#74c476
646,17171,0.035831098062838095,#74c476
647,17173,0.009926422893634572,#74c476
648,17175,0.5002123239516535,#238b45
649,17177,-0.0032785128059215243,#a1d99b
650,17179,0.0,#ffffff
651,17181,3.8317688242492144e-05,#a1d99b
652,17183,0.045413722289519814,#74c476
653,17185,-0.0015415886961824973,#a1d99b
654,17187,0.11713369296042168,#74c476
655,17189,-0.024552782947364727,#a1d99b
656,17191,0.0015092154475144486,#a1d99b
657,17193,0.0347465151075748,#74c476
658,17195,0.00014559551947232515,#a1d99b
659,17197,0.01016967126988771,#74c476
660,17199,0.2180495923837499,#41ab5d
661,17201,0.24973761281323,#41ab5d
662,17203,0.0,#ffffff
663,18001,0.003700851495927223,#a1d99b
664,18003,0.0010592102004962107,#a1d99b
665,18005,0.0,#ffffff
666,18007,-0.000818633976278874,#a1d99b
667,18009,0.014224002548237143,#74c476
668,18011,0.010168833046188666,#74c476
669,18013,0.012565009891035542,#74c476
670,18015,0.09795498571124904,#74c476
671,18017,0.004537326946469007,#a1d99b
672,18019,0.0,#ffffff
673,18021,0.0,#ffffff
674,18023,0.0,#ffffff
675,18025,-0.011857914429851815,#a1d99b
676,18027,-0.0006986383608908512,#a1d99b
677,18029,0.0,#ffffff
678,18031,0.008072140950617146,#a1d99b
679,18033,0.0,#ffffff
680,18035,0.03147612297503935,#74c476
681,18037,0.0,#ffffff
682,18039,0.0,#ffffff
683,18041,0.0,#ffffff
684,18043,0.0,#ffffff
685,18045,0.0,#ffffff
686,18047,0.0,#ffffff
687,18049,0.0,#ffffff
688,18051,0.0,#ffffff
689,18053,0.0,#ffffff
690,18055,0.0,#ffffff
691,18057,0.0,#ffffff
692,18059,0.0,#ffffff
693,18061,0.0,#ffffff
694,18063,0.0,#ffffff
695,18065,0.0,#ffffff
696,18067,0.0,#ffffff
697,18069,0.0,#ffffff
698,18071,0.0,#ffffff
699,18073,0.0,#ffffff
700,18075,0.0,#ffffff
701,18077,0.0,#ffffff
702,18079,0.0,#ffffff
703,18081,0.0,#ffffff
704,18083,0.0,#ffffff
705,18085,0.0,#ffffff
706,18087,0.0,#ffffff
707,18089,0.0,#ffffff
708,18091,0.0,#ffffff
709,18093,0.0,#ffffff
710,18095,0.0,#ffffff
711,18097,0.0,#ffffff
712,18099,-0.01048696817438658,#a1d99b
713,18101,0.0,#ffffff
714,18103,0.0,#ffffff
715,18105,0.0,#ffffff
716,18107,0.0,#ffffff
717,18109,-0.03315321853178086,#a1d99b
718,18111,0.0,#ffffff
719,18113,-0.024952823141541552,#a1d99b
720,18115,0.0025537011793930393,#a1d99b
721,18117,0.0,#ffffff
722,18119,0.0,#ffffff
723,18121,-0.11853188636110855,#a1d99b
724,18123,0.14471340237736538,#74c476
725,18125,0.012643666240842686,#74c476
726,18127,0.24435635606132333,#41ab5d
727,18129,0.0,#ffffff
728,18131,0.0,#ffffff
729,18133,0.0,#ffffff
730,18135,0.0,#ffffff
731,18137,0.0,#ffffff
732,18139,0.0,#ffffff
733,18141,0.0,#ffffff
734,18143,0.0,#ffffff
735,18145,0.026566419537447622,#74c476
736,18147,0.0,#ffffff
737,18149,0.0,#ffffff
738,18151,0.0,#ffffff
739,18153,0.0,#ffffff
740,18155,0.0,#ffffff
741,18157,0.0,#ffffff
742,18159,0.0,#ffffff
743,18161,0.0,#ffffff
744,18163,0.0,#ffffff
745,18165,0.0,#ffffff
746,18167,0.0,#ffffff
747,18169,0.0,#ffffff
748,18171,0.0,#ffffff
749,18173,0.0,#ffffff
750,18175,0.0,#ffffff
751,18177,0.0,#ffffff
752,18179,0.0,#ffffff
753,18181,0.0,#ffffff
754,18183,0.0,#ffffff
755,19001,0.0,#ffffff
756,19003,0.0,#ffffff
757,19005,0.04397633968310634,#74c476
758,19007,0.0,#ffffff
759,19009,0.0,#ffffff
760,19011,0.0,#ffffff
761,19013,0.0,#ffffff
762,19015,0.0,#ffffff
763,19017,0.0,#ffffff
764,19019,0.0,#ffffff
765,19021,0.0,#ffffff
766,19023,0.0,#ffffff
767,19025,-0.048352344932092665,#a1d99b
768,19027,0.007154225222734319,#a1d99b
769,19029,0.0,#ffffff
770,19031,0.0,#ffffff
771,19033,0.0,#ffffff
772,19035,0.0,#ffffff
773,19037,0.0,#ffffff
774,19039,0.0,#ffffff
775,19041,0.0,#ffffff
776,19043,0.0,#ffffff
777,19045,0.0,#ffffff
778,19047,0.0,#ffffff
779,19049,0.0,#ffffff
780,19051,0.0,#ffffff
781,19053,0.0,#ffffff
782,19055,0.0,#ffffff
783,19057,0.0,#ffffff
784,19059,-0.03268708937760635,#a1d99b
785,19061,0.0,#ffffff
786,19063,0.0,#ffffff
787,19065,0.0,#ffffff
788,19067,0.0,#ffffff
789,19069,0.0,#ffffff
790,19071,0.09940231808319687,#74c476
791,19073,0.0,#ffffff
792,19075,0.0,#ffffff
793,19077,0.0,#ffffff
794,19079,0.0,#ffffff
795,19081,0.06826663657548095,#74c476
796,19083,0.0,#ffffff
797,19085,0.0,#ffffff
798,19087,0.0,#ffffff
799,19089,0.0,#ffffff
800,19091,0.0,#ffffff
801,19093,0.13494983244714504,#74c476
802,19095,0.0,#ffffff
803,19097,-0.05754809610979919,#a1d99b
804,19099,0.0,#ffffff
805,19101,0.0,#ffffff
806,19103,0.0,#ffffff
807,19105,0.0,#ffffff
808,19107,0.0,#ffffff
809,19109,0.0,#ffffff
810,19111,0.0,#ffffff
811,19113,0.0,#ffffff
812,19115,0.0,#ffffff
813,19117,-0.16049606989686716,#a1d99b
814,19119,0.012822899693881758,#74c476
815,19121,0.0,#ffffff
816,19123,0.0,#ffffff
817,19125,0.0,#ffffff
818,19127,0.0,#ffffff
819,19129,-0.010034746922600774,#a1d99b
820,19131,0.0,#ffffff
821,19133,0.0,#ffffff
822,19135,0.0,#ffffff
823,19137,0.0,#ffffff
824,19139,0.0,#ffffff
825,19141,0.0,#ffffff
826,19143,0.0,#ffffff
827,19145,0.0,#ffffff
828,19147,0.0,#ffffff
829,19149,0.0,#ffffff
830,19151,0.0,#ffffff
831,19153,0.0,#ffffff
832,19155,-0.01477307698517786,#a1d99b
833,19157,0.0,#ffffff
834,19159,0.0,#ffffff
835,19161,0.0,#ffffff
836,19163,0.0,#ffffff
837,19165,0.0,#ffffff
838,19167,0.0,#ffffff
839,19169,0.0,#ffffff
840,19171,0.0,#ffffff
841,19173,0.0,#ffffff
842,19175,-0.007640571249119421,#a1d99b
843,19177,0.18976674358014228,#74c476
844,19179,0.0,#ffffff
845,19181,0.024361187137872994,#74c476
846,19183,0.0,#ffffff
847,19185,0.0,#ffffff
848,19187,0.0,#ffffff
849,19189,0.0,#ffffff
850,19191,0.11241036377992253,#74c476
851,19193,0.0,#ffffff
852,19195,-0.010901955341344194,#a1d99b
853,19197,0.009668953062402725,#a1d99b
854,20001,0.0,#ffffff
855,20003,0.0,#ffffff
856,20005,0.0,#ffffff
857,20007,0.0,#ffffff
858,20009,0.0,#ffffff
859,20011,-0.05678184093791143,#a1d99b
860,20013,0.0,#ffffff
861,20015,0.0,#ffffff
862,20017,0.0,#ffffff
863,20019,0.0,#ffffff
864,20021,0.0,#ffffff
865,20023,0.0,#ffffff
866,20025,0.0,#ffffff
867,20027,0.0,#ffffff
868,20029,0.0,#ffffff
869,20031,0.0,#ffffff
870,20033,0.0,#ffffff
871,20035,0.0,#ffffff
872,20037,0.0,#ffffff
873,20039,0.0,#ffffff
874,20041,0.0,#ffffff
875,20043,-0.008647864794434168,#a1d99b
876,20045,0.0,#ffffff
877,20047,0.0,#ffffff
878,20049,0.0,#ffffff
879,20051,0.0,#ffffff
880,20053,0.02562103611554897,#74c476
881,20055,-0.017117802045382255,#a1d99b
882,20057,0.0,#ffffff
883,20059,-0.025051320331484,#a1d99b
884,20061,0.14982566577751072,#74c476
885,20063,-0.0025529210232209704,#a1d99b
886,20065,-0.007300902905736098,#a1d99b
887,20067,0.0,#ffffff
888,20069,-0.020407967133248037,#a1d99b
889,20071,0.10201655547194619,#74c476
890,20073,-0.023868054629868383,#a1d99b
891,20075,0.0,#ffffff
892,20077,0.0,#ffffff
893,20079,0.0,#ffffff
894,20081,0.0,#ffffff
895,20083,0.0,#ffffff
896,20085,0.0,#ffffff
897,20087,0.0,#ffffff
898,20089,0.0,#ffffff
899,20091,0.0,#ffffff
900,20093,0.0,#ffffff
901,20095,0.0,#ffffff
902,20097,0.0,#ffffff
903,20099,0.0,#ffffff
904,20101,0.02023160794652717,#74c476
905,20103,0.0,#ffffff
906,20105,0.0,#ffffff
907,20107,0.0,#ffffff
908,20109,0.0,#ffffff
909,20111,0.0,#ffffff
910,20113,0.0,#ffffff
911,20115,0.0,#ffffff
912,20117,-0.007735261081482539,#a1d99b
913,20119,0.0,#ffffff
914,20121,0.0,#ffffff
915,20123,0.0,#ffffff
916,20125,0.0,#ffffff
917,20127,0.09474590571778471,#74c476
918,20129,0.0,#ffffff
919,20131,0.0,#ffffff
920,20133,0.0,#ffffff
921,20135,0.0,#ffffff
922,20137,0.0,#ffffff
923,20139,0.0,#ffffff
924,20141,0.0,#ffffff
925,20143,-0.014921916547523634,#a1d99b
926,20145,0.0,#ffffff
927,20147,0.004450222219749584,#a1d99b
928,20149,0.0,#ffffff
929,20151,0.0,#ffffff
930,20153,0.0,#ffffff
931,20155,0.0,#ffffff
932,20157,0.0,#ffffff
933,20159,0.0,#ffffff
934,20161,0.0,#ffffff
935,20163,0.014145363199110608,#74c476
936,20165,0.0,#ffffff
937,20167,0.0,#ffffff
938,20169,0.0,#ffffff
939,20171,0.010103297358710258,#74c476
940,20173,0.0701066130804492,#74c476
941,20175,0.0,#ffffff
942,20177,0.0,#ffffff
943,20179,0.0,#ffffff
944,20181,0.0,#ffffff
945,20183,-0.012190330565617849,#a1d99b
946,20185,-0.008355523761026513,#a1d99b
947,20187,0.0,#ffffff
948,20189,0.0,#ffffff
949,20191,0.0,#ffffff
950,20193,-0.011685455238421169,#a1d99b
951,20195,0.0,#ffffff
952,20197,0.0,#ffffff
953,20199,0.0,#ffffff
954,20201,0.0,#ffffff
955,20203,0.0,#ffffff
956,20205,0.0,#ffffff
957,20207,0.0,#ffffff
958,20209,0.0,#ffffff
959,21001,0.0,#ffffff
960,21003,0.0,#ffffff
961,21005,0.0,#ffffff
962,21007,0.0,#ffffff
963,21009,0.0,#ffffff
964,21011,0.0,#ffffff
965,21013,0.0,#ffffff
966,21015,0.013200695233867072,#74c476
967,21017,-0.008438795883281367,#a1d99b
968,21019,0.0,#ffffff
969,21021,0.00775629496911281,#a1d99b
970,21023,0.015305932258065681,#74c476
971,21025,0.0,#ffffff
972,21027,-0.17593643094327824,#a1d99b
973,21029,0.038367171871048586,#74c476
974,21031,0.022149915590950343,#74c476
975,21033,0.0,#ffffff
976,21035,0.0,#ffffff
977,21037,-0.0364746806217766,#a1d99b
978,21039,0.0,#ffffff
979,21041,0.0,#ffffff
980,21043,0.0,#ffffff
981,21045,0.0,#ffffff
982,21047,-0.017569609245423497,#a1d99b
983,21049,0.0,#ffffff
984,21051,0.0021723690031606167,#a1d99b
985,21053,0.0,#ffffff
986,21055,-0.009474312660998917,#a1d99b
987,21057,0.0,#ffffff
988,21059,0.0,#ffffff
989,21061,0.0,#ffffff
990,21063,0.0,#ffffff
991,21065,-0.0016475018571567197,#a1d99b
992,21067,0.0,#ffffff
993,21069,0.4438046669915346,#238b45
994,21071,0.0,#ffffff
995,21073,0.13229936754260874,#74c476
996,21075,0.0,#ffffff
997,21077,-0.016343043376173143,#a1d99b
998,21079,0.020711010763485155,#74c476
999,21081,0.0,#ffffff
1000,21083,0.0,#ffffff
1001,21085,0.0,#ffffff
1002,21087,0.0,#ffffff
1003,21089,-0.02932309211466394,#a1d99b
1004,21091,0.01166763855223745,#74c476
1005,21093,0.0,#ffffff
1006,21095,0.0,#ffffff
1007,21097,0.0,#ffffff
1008,21099,-0.014056328826864811,#a1d99b
1009,21101,0.0,#ffffff
1010,21103,-0.004249095240466611,#a1d99b
1011,21105,0.0,#ffffff
1012,21107,0.03677793803028899,#74c476
1013,21109,0.0,#ffffff
1014,21111,0.48341885124970735,#238b45
1015,21113,-0.007893914656380107,#a1d99b
1016,21115,0.04277465840940627,#74c476
1017,21117,-0.03680951187595555,#a1d99b
1018,21119,-0.013971023740765486,#a1d99b
1019,21121,-0.056846272819289174,#a1d99b
1020,21123,0.0,#ffffff
1021,21125,-0.02473649270659096,#a1d99b
1022,21127,0.01638909591997953,#74c476
1023,21129,0.0021162749393888562,#a1d99b
1024,21131,0.03351334529143728,#74c476
1025,21133,0.001183057048161269,#a1d99b
1026,21135,0.0,#ffffff
1027,21137,-0.0465381514592915,#a1d99b
1028,21139,-0.014557887753196917,#a1d99b
1029,21141,0.0,#ffffff
1030,21143,0.002678972873213135,#a1d99b
1031,21145,0.00524647499651327,#a1d99b
1032,21147,-0.01455721010789229,#a1d99b
1033,21149,0.0,#ffffff
1034,21151,0.0,#ffffff
1035,21153,0.0,#ffffff
1036,21155,0.017159463930537473,#74c476
1037,21157,0.863866480336983,#00441b
1038,21159,-0.0033207678170171966,#a1d99b
1039,21161,0.07475858359554727,#74c476
1040,21163,0.039174888364000904,#74c476
1041,21165,0.0019130367740471661,#a1d99b
1042,21167,0.0029657697866485736,#a1d99b
1043,21169,0.07864943282042451,#74c476
1044,21171,0.47444926325176195,#238b45
1045,21173,0.0,#ffffff
1046,21175,-0.0009070343127329504,#a1d99b
1047,21177,0.014326372747269316,#74c476
1048,21179,0.027932244229522486,#74c476
1049,21181,0.05101285971360078,#74c476
1050,21183,-0.04715853221731025,#a1d99b
1051,21185,0.0,#ffffff
1052,21187,0.017097722249801564,#74c476
1053,21189,0.03342062524279652,#74c476
1054,21191,0.16760347207835746,#74c476
1055,21193,0.03881722887095152,#74c476
1056,21195,0.338785085552083,#41ab5d
1057,21197,0.0,#ffffff
1058,21199,-0.006002489183595371,#a1d99b
1059,21201,0.03919761008965468,#74c476
1060,21203,0.0,#ffffff
1061,21205,0.06567673761897587,#74c476
1062,21207,0.030870771771816463,#74c476
1063,21209,-0.010842943164700176,#a1d99b
1064,21211,0.0,#ffffff
1065,21213,0.004505375441066597,#a1d99b
1066,21215,0.10370571489628223,#74c476
1067,21217,0.01820787535191899,#74c476
1068,21219,0.01067248910949177,#74c476
1069,21221,0.022834856973465302,#74c476
1070,21223,0.0,#ffffff
1071,21225,0.023561157734332983,#74c476
1072,21227,0.0,#ffffff
1073,21229,0.007410251051062068,#a1d99b
1074,21231,0.05494216300909348,#74c476
1075,21233,-0.015291762896428264,#a1d99b
1076,21235,-0.0054943561037125825,#a1d99b
1077,21237,0.046329449046321955,#74c476
1078,21239,0.0,#ffffff
1079,22001,-0.007382697225155413,#a1d99b
1080,22003,0.0,#ffffff
1081,22005,0.0,#ffffff
1082,22007,0.0,#ffffff
1083,22009,0.016096263068597332,#74c476
1084,22011,0.0,#ffffff
1085,22013,0.020865735045275995,#74c476
1086,22015,0.0,#ffffff
1087,22017,-0.07936407784238923,#a1d99b
1088,22019,-0.008100138450809827,#a1d99b
1089,22021,0.005963744928342005,#a1d99b
1090,22023,-0.039826986230761106,#a1d99b
1091,22025,0.020808902291681725,#74c476
1092,22027,0.0,#ffffff
1093,22029,0.0,#ffffff
1094,22031,0.0,#ffffff
1095,22033,-0.032537600963212336,#a1d99b
1096,22035,-0.177329302694762,#a1d99b
1097,22037,0.0,#ffffff
1098,22039,0.0,#ffffff
1099,22041,0.1750347149521165,#74c476
1100,22043,0.0,#ffffff
1101,22045,0.0,#ffffff
1102,22047,0.0,#ffffff
1103,22049,0.0,#ffffff
1104,22051,-0.10520971873035487,#a1d99b
1105,22053,0.0,#ffffff
1106,22055,0.0,#ffffff
1107,22057,0.0,#ffffff
1108,22059,-0.030024659304020464,#a1d99b
1109,22061,-0.0945313446072893,#a1d99b
1110,22063,0.0,#ffffff
1111,22065,0.001977145007955116,#a1d99b
1112,22067,0.0,#ffffff
1113,22069,0.0,#ffffff
1114,22071,0.0,#ffffff
1115,22073,0.0,#ffffff
1116,22075,0.0,#ffffff
1117,22077,0.0,#ffffff
1118,22079,0.10090303068929768,#74c476
1119,22081,0.0,#ffffff
1120,22083,0.0,#ffffff
1121,22085,0.0,#ffffff
1122,22087,0.0,#ffffff
1123,22089,0.0,#ffffff
1124,22091,0.024505804241009635,#74c476
1125,22093,-0.12397059368979706,#a1d99b
1126,22095,0.0,#ffffff
1127,22097,-0.014761081569117306,#a1d99b
1128,22099,0.0,#ffffff
1129,22101,0.0,#ffffff
1130,22103,-0.012813210253664139,#a1d99b
1131,22105,-0.021780374054695434,#a1d99b
1132,22107,-0.01265756131031237,#a1d99b
1133,22109,0.0,#ffffff
1134,22111,0.0,#ffffff
1135,22113,-0.11020105670329275,#a1d99b
1136,22115,0.021346148679046068,#74c476
1137,22117,0.009560428529996917,#a1d99b
1138,22119,0.0,#ffffff
1139,22121,0.0,#ffffff
1140,22123,0.0,#ffffff
1141,22125,0.02216192194195985,#74c476
1142,22127,0.016266424513689915,#74c476
1143,23001,-0.07460816898488014,#a1d99b
1144,23003,0.0,#ffffff
1145,23005,0.0,#ffffff
1146,23007,0.0,#ffffff
1147,23009,0.0,#ffffff
1148,23011,0.0,#ffffff
1149,23013,0.0,#ffffff
1150,23015,-0.04071135263021216,#a1d99b
1151,23017,0.2096807999676398,#41ab5d
1152,23019,0.02143209079502818,#74c476
1153,23021,0.0,#ffffff
1154,23023,0.0,#ffffff
1155,23025,0.012371447627401087,#74c476
1156,23027,-0.11062488409864119,#a1d99b
1157,23029,0.0035571598443381557,#a1d99b
1158,23031,0.0,#ffffff
1159,24001,0.0,#ffffff
1160,24003,0.0,#ffffff
1161,24005,-0.15281345290138834,#a1d99b
1162,24009,0.0,#ffffff
1163,24011,-0.0009878992933138122,#a1d99b
1164,24013,0.0,#ffffff
1165,24015,-0.01631157777299889,#a1d99b
1166,24017,-0.018005595248292868,#a1d99b
1167,24019,0.0,#ffffff
1168,24021,0.0,#ffffff
1169,24023,0.0,#ffffff
1170,24025,-0.008368468116326543,#a1d99b
1171,24027,0.03738395985963005,#74c476
1172,24029,0.0,#ffffff
1173,24031,0.0,#ffffff
1174,24033,0.0,#ffffff
1175,24035,0.0,#ffffff
1176,24037,0.0,#ffffff
1177,24039,0.0,#ffffff
1178,24041,0.0,#ffffff
1179,24043,0.0,#ffffff
1180,24045,0.0,#ffffff
1181,24047,0.0,#ffffff
1182,24510,0.0,#ffffff
1183,25001,0.0,#ffffff
1184,25003,0.0,#ffffff
1185,25005,0.0,#ffffff
1186,25007,0.0,#ffffff
1187,25009,0.0,#ffffff
1188,25011,0.0,#ffffff
1189,25013,0.0,#ffffff
1190,25015,0.0,#ffffff
1191,25017,0.0,#ffffff
1192,25019,0.0,#ffffff
1193,25021,0.0,#ffffff
1194,25023,0.0,#ffffff
1195,25025,0.0,#ffffff
1196,25027,0.0,#ffffff
1197,26001,0.0,#ffffff
1198,26003,0.0,#ffffff
1199,26005,0.0,#ffffff
1200,26007,0.0,#ffffff
1201,26009,0.0,#ffffff
1202,26011,0.0,#ffffff
1203,26013,0.0,#ffffff
1204,26015,0.0,#ffffff
1205,26017,0.0,#ffffff
1206,26019,0.0,#ffffff
1207,26021,0.0,#ffffff
1208,26023,0.0,#ffffff
1209,26025,0.0,#ffffff
1210,26027,0.0,#ffffff
1211,26029,0.0,#ffffff
1212,26031,0.0,#ffffff
1213,26033,0.0,#ffffff
1214,26035,0.0,#ffffff
1215,26037,0.0,#ffffff
1216,26039,0.0,#ffffff
1217,26041,0.0,#ffffff
1218,26043,0.0,#ffffff
1219,26045,0.0,#ffffff
1220,26047,0.0,#ffffff
1221,26049,0.0,#ffffff
1222,26051,0.0,#ffffff
1223,26053,0.0,#ffffff
1224,26055,0.0,#ffffff
1225,26057,0.0,#ffffff
1226,26059,0.0,#ffffff
1227,26061,0.0,#ffffff
1228,26063,0.0,#ffffff
1229,26065,0.0,#ffffff
1230,26067,0.0,#ffffff
1231,26069,0.0,#ffffff
1232,26071,0.0,#ffffff
1233,26073,0.0,#ffffff
1234,26075,0.0,#ffffff
1235,26077,0.0,#ffffff
1236,26079,0.0,#ffffff
1237,26081,0.0,#ffffff
1238,26083,0.0,#ffffff
1239,26085,0.0,#ffffff
1240,26087,0.0,#ffffff
1241,26089,0.0,#ffffff
1242,26091,0.0,#ffffff
1243,26093,0.0,#ffffff
1244,26095,0.0,#ffffff
1245,26097,0.0,#ffffff
1246,26099,0.0,#ffffff
1247,26101,0.0,#ffffff
1248,26103,0.0,#ffffff
1249,26105,0.0,#ffffff
1250,26107,0.0,#ffffff
1251,26109,0.0,#ffffff
1252,26111,0.0,#ffffff
1253,26113,0.0,#ffffff
1254,26115,0.0,#ffffff
1255,26117,0.0,#ffffff
1256,26119,0.0,#ffffff
1257,26121,0.0,#ffffff
1258,26123,0.0,#ffffff
1259,26125,0.0,#ffffff
1260,26127,0.0,#ffffff
1261,26129,0.0,#ffffff
1262,26131,0.0,#ffffff
1263,26133,0.0,#ffffff
1264,26135,0.0,#ffffff
1265,26137,0.0,#ffffff
1266,26139,0.0,#ffffff
1267,26141,0.0,#ffffff
1268,26143,0.0,#ffffff
1269,26145,0.0,#ffffff
1270,26147,0.0,#ffffff
1271,26149,0.0,#ffffff
1272,26151,0.0,#ffffff
1273,26153,0.0,#ffffff
1274,26155,0.0,#ffffff
1275,26157,0.0,#ffffff
1276,26159,0.0,#ffffff
1277,26161,0.0,#ffffff
1278,26163,0.0,#ffffff
1279,26165,0.019893286629238553,#74c476
1280,27001,0.0,#ffffff
1281,27003,0.0,#ffffff
1282,27005,0.0,#ffffff
1283,27007,0.0,#ffffff
1284,27009,0.0,#ffffff
1285,27011,0.2634208633375556,#41ab5d
1286,27013,0.25838837538793913,#41ab5d
1287,27015,0.0629768751582655,#74c476
1288,27017,0.0598508100588436,#74c476
1289,27019,-0.00374945633909137,#a1d99b
1290,27021,0.1507125178549437,#74c476
1291,27023,0.0,#ffffff
1292,27025,0.32570866715452385,#41ab5d
1293,27027,0.04153566952360538,#74c476
1294,27029,0.021879236126758406,#74c476
1295,27031,0.01674545877777105,#74c476
1296,27033,0.15991038065974217,#74c476
1297,27035,0.03629344629433264,#74c476
1298,27037,-0.10080779786032705,#a1d99b
1299,27039,0.03236732686715503,#74c476
1300,27041,0.03332900347658319,#74c476
1301,27043,0.19035544006735872,#74c476
1302,27045,0.12151235426767916,#74c476
1303,27047,0.06327512148963976,#74c476
1304,27049,0.0,#ffffff
1305,27051,0.2935029027655482,#41ab5d
1306,27053,-0.1249739151604226,#a1d99b
1307,27055,0.20664916800007438,#74c476
1308,27057,0.0061886705662214155,#a1d99b
1309,27059,0.01838349594879798,#74c476
1310,27061,0.0,#ffffff
1311,27063,0.053608069020542055,#74c476
1312,27065,0.0,#ffffff
1313,27067,0.0,#ffffff
1314,27069,0.37385868330466304,#41ab5d
1315,27071,0.1260048861929555,#74c476
1316,27073,0.0,#ffffff
1317,27075,0.0,#ffffff
1318,27077,-0.03863366781835783,#a1d99b
1319,27079,0.2668972178683009,#41ab5d
1320,27081,0.14270481561777779,#74c476
1321,27083,0.26072112273096687,#41ab5d
1322,27085,0.39401285425660715,#41ab5d
1323,27087,0.0,#ffffff
1324,27089,0.13640470666792778,#74c476
1325,27091,0.0,#ffffff
1326,27093,0.032415157700535976,#74c476
1327,27095,0.37912530938686073,#41ab5d
1328,27097,0.3431699730281101,#41ab5d
1329,27099,0.34684284758567796,#41ab5d
1330,27101,0.23323055545992877,#41ab5d
1331,27103,0.1448864492380295,#74c476
1332,27105,0.13955610037781171,#74c476
1333,27107,0.0029912929615603418,#a1d99b
1334,27109,0.18095657576898666,#74c476
1335,27111,0.0,#ffffff
1336,27113,0.48317457743782966,#238b45
1337,27115,0.0,#ffffff
1338,27117,-0.01784200964690095,#a1d99b
1339,27119,0.19865751216587926,#74c476
1340,27121,0.0,#ffffff
1341,27123,0.3176690072019418,#41ab5d
1342,27125,0.11733910723241861,#74c476
1343,27127,0.015887134581718452,#74c476
1344,27129,0.010600793627431567,#74c476
1345,27131,0.016581945620149443,#74c476
1346,27133,0.14750540440230006,#74c476
1347,27135,-0.03021925259868571,#a1d99b
1348,27137,0.0,#ffffff
1349,27139,0.012191713869322954,#74c476
1350,27141,0.0,#ffffff
1351,27143,0.0010845947829399652,#a1d99b
1352,27145,0.0,#ffffff
1353,27147,0.0,#ffffff
1354,27149,0.0,#ffffff
1355,27151,0.0,#ffffff
1356,27153,0.017728975332012138,#74c476
1357,27155,0.0,#ffffff
1358,27157,0.0,#ffffff
1359,27159,0.0,#ffffff
1360,27161,0.0,#ffffff
1361,27163,0.0,#ffffff
1362,27165,0.0,#ffffff
1363,27167,0.0,#ffffff
1364,27169,0.0,#ffffff
1365,27171,0.0,#ffffff
1366,27173,0.0,#ffffff
1367,28001,0.0,#ffffff
1368,28003,0.0,#ffffff
1369,28005,0.0,#ffffff
1370,28007,0.09212118096392082,#74c476
1371,28009,0.0,#ffffff
1372,28011,-0.016036495438407426,#a1d99b
1373,28013,0.0,#ffffff
1374,28015,0.0419853637080411,#74c476
1375,28017,-0.0352927362089428,#a1d99b
1376,28019,0.01846283634467362,#74c476
1377,28021,-0.027395918071705133,#a1d99b
1378,28023,-0.0002361359861722648,#a1d99b
1379,28025,0.08758858683648371,#74c476
1380,28027,0.12364520838766062,#74c476
1381,28029,0.017710302361621123,#74c476
1382,28031,0.22195655465365247,#41ab5d
1383,28033,0.0016435934705706329,#a1d99b
1384,28035,-0.024107130287332496,#a1d99b
1385,28037,0.014333858016722423,#74c476
1386,28039,0.029742863112033266,#74c476
1387,28041,-0.0036556270171605246,#a1d99b
1388,28043,0.013467666823123167,#74c476
1389,28045,0.035251114112764784,#74c476
1390,28047,0.22936655244402293,#41ab5d
1391,28049,0.06003159222870141,#74c476
1392,28051,0.1594015969924044,#74c476
1393,28053,0.058017335142397965,#74c476
1394,28055,0.07699904871431433,#74c476
1395,28057,0.13228553316096323,#74c476
1396,28059,0.008422484052694247,#a1d99b
1397,28061,-0.003214646558710847,#a1d99b
1398,28063,0.1833778792952967,#74c476
1399,28065,0.2916104178038245,#41ab5d
1400,28067,0.033147599308050175,#74c476
1401,28069,0.026071749337715493,#74c476
1402,28071,-0.027107549596461167,#a1d99b
1403,28073,-0.033740493887144174,#a1d99b
1404,28075,0.0267563377094162,#74c476
1405,28077,0.11383952877504845,#74c476
1406,28079,0.011266468146286061,#74c476
1407,28081,-0.013279323897216724,#a1d99b
1408,28083,0.0059758994957182995,#a1d99b
1409,28085,0.001063025550722983,#a1d99b
1410,28087,0.01705137682079785,#74c476
1411,28089,-0.001258356377073348,#a1d99b
1412,28091,0.029709207586642507,#74c476
1413,28093,0.18365242280473412,#74c476
1414,28095,0.013805948768126955,#74c476
1415,28097,0.06399312497264276,#74c476
1416,28099,0.02390123372519459,#74c476
1417,28101,0.0,#ffffff
1418,28103,-0.010442415004970694,#a1d99b
1419,28105,-0.01733309826918793,#a1d99b
1420,28107,0.1885295663364295,#74c476
1421,28109,0.0,#ffffff
1422,28111,0.0,#ffffff
1423,28113,0.029557063056096913,#74c476
1424,28115,0.0,#ffffff
1425,28117,0.0,#ffffff
1426,28119,0.0,#ffffff
1427,28121,0.0,#ffffff
1428,28123,0.028489919122477055,#74c476
1429,28125,0.019591794857082914,#74c476
1430,28127,0.08034741089802033,#74c476
1431,28129,0.030279914073635266,#74c476
1432,28131,0.007674082148832961,#a1d99b
1433,28133,-0.001550550858688524,#a1d99b
1434,28135,0.028333176426894282,#74c476
1435,28137,-0.0149354792988788,#a1d99b
1436,28139,0.015921939702477676,#74c476
1437,28141,0.0,#ffffff
1438,28143,0.1454817946918806,#74c476
1439,28145,0.034886464425763916,#74c476
1440,28147,0.08662370404933648,#74c476
1441,28149,0.06514205127358391,#74c476
1442,28151,0.004563658831797073,#a1d99b
1443,28153,0.14398125952414814,#74c476
1444,28155,0.030631449965135775,#74c476
1445,28157,0.047974331414177694,#74c476
1446,28159,0.034242173061450755,#74c476
1447,28161,-0.07781138946474651,#a1d99b
1448,28163,0.033439826756161105,#74c476
1449,29001,0.04613624352772073,#74c476
1450,29003,0.07616749129724036,#74c476
1451,29005,-0.01940062567631048,#a1d99b
1452,29007,0.000873022702372137,#a1d99b
1453,29009,0.0023982070361763586,#a1d99b
1454,29011,0.01716252874173843,#74c476
1455,29013,0.04062245538323897,#74c476
1456,29015,-0.015290566490016597,#a1d99b
1457,29017,0.04097552664044403,#74c476
1458,29019,0.042508835048335546,#74c476
1459,29021,0.044297398191830435,#74c476
1460,29023,0.030216055182076904,#74c476
1461,29025,0.0,#ffffff
1462,29027,0.038660326553673574,#74c476
1463,29029,0.1927849555033712,#74c476
1464,29031,0.0,#ffffff
1465,29033,0.11454397218576415,#74c476
1466,29035,0.0652047249403189,#74c476
1467,29037,-0.034724003962649914,#a1d99b
1468,29039,0.0,#ffffff
1469,29041,0.0,#ffffff
1470,29043,0.015659277309037028,#74c476
1471,29045,0.030778928432198174,#74c476
1472,29047,0.031630948779861355,#74c476
1473,29049,0.12501519959337346,#74c476
1474,29051,0.04318928462656311,#74c476
1475,29053,0.08026560954418067,#74c476
1476,29055,0.023266911045068152,#74c476
1477,29057,0.09345540076409367,#74c476
1478,29059,0.010212859085842784,#74c476
1479,29061,0.15162279190230638,#74c476
1480,29063,0.0,#ffffff
1481,29065,0.09981323775203216,#74c476
1482,29067,0.07610185308441954,#74c476
1483,29069,0.09485378063826376,#74c476
1484,29071,0.0,#ffffff
1485,29073,0.06658157065367754,#74c476
1486,29075,-0.009637562672559418,#a1d99b
1487,29077,0.06009066230089359,#74c476
1488,29079,0.03520444737132785,#74c476
1489,29081,0.02255423212817534,#74c476
1490,29083,0.03361317214492042,#74c476
1491,29085,0.04418928102359627,#74c476
1492,29087,-0.020040593770650286,#a1d99b
1493,29089,0.01000932754267483,#74c476
1494,29091,-0.0020291059728666113,#a1d99b
1495,29093,0.012571582194930235,#74c476
1496,29095,0.10784876146008877,#74c476
1497,29097,0.017326141486249013,#74c476
1498,29099,0.2778586897866512,#41ab5d
1499,29101,0.022737216965491587,#74c476
1500,29103,0.11060941029727481,#74c476
1501,29105,0.0,#ffffff
1502,29107,0.09002829817308952,#74c476
1503,29109,4.897093413245722e-05,#a1d99b
1504,29111,0.04838169400100992,#74c476
1505,29113,0.11365937249664733,#74c476
1506,29115,0.01701328843499677,#74c476
1507,29117,-0.0037361713018617144,#a1d99b
1508,29119,0.18109122023612598,#74c476
1509,29121,0.013047660648516654,#74c476
1510,29123,0.02191550964043943,#74c476
1511,29125,-0.009266347367458473,#a1d99b
1512,29127,-0.04016207271863615,#a1d99b
1513,29129,0.004397073279718918,#a1d99b
1514,29131,0.024850071074782418,#74c476
1515,29133,0.014616308792987344,#74c476
1516,29135,0.012477192445986326,#74c476
1517,29137,-0.0030028107569516718,#a1d99b
1518,29139,0.011619430447624375,#74c476
1519,29141,0.02000510953791587,#74c476
1520,29143,0.05898504221019041,#74c476
1521,29145,7.398018416135098e-05,#a1d99b
1522,29147,0.03309706768210264,#74c476
1523,29149,0.024256253850938294,#74c476
1524,29151,-0.005857042537309569,#a1d99b
1525,29153,0.01242357737378626,#74c476
1526,29155,0.0008473203903748857,#a1d99b
1527,29157,0.3651531778357784,#41ab5d
1528,29159,0.022661353548658694,#74c476
1529,29161,-0.05707691074728874,#a1d99b
1530,29163,0.10967507820166951,#74c476
1531,29165,0.0,#ffffff
1532,29167,0.0,#ffffff
1533,29169,0.0,#ffffff
1534,29171,0.0,#ffffff
1535,29173,0.0,#ffffff
1536,29175,-0.004042039128425905,#a1d99b
1537,29177,0.0,#ffffff
1538,29179,0.0,#ffffff
1539,29181,-0.18300686457303197,#a1d99b
1540,29183,0.0,#ffffff
1541,29185,0.0,#ffffff
1542,29186,0.0,#ffffff
1543,29187,0.1887797826795267,#74c476
1544,29189,0.0,#ffffff
1545,29195,0.11037484895318246,#74c476
1546,29197,0.0,#ffffff
1547,29199,0.025703805133484182,#74c476
1548,29201,0.0,#ffffff
1549,29203,0.0,#ffffff
1550,29205,0.0,#ffffff
1551,29207,0.12860767147487714,#74c476
1552,29209,0.0,#ffffff
1553,29211,0.0,#ffffff
1554,29213,0.0,#ffffff
1555,29215,0.0,#ffffff
1556,29217,0.0,#ffffff
1557,29219,-0.0174686514630449,#a1d99b
1558,29221,-0.0033916736143739874,#a1d99b
1559,29223,0.0,#ffffff
1560,29225,0.0,#ffffff
1561,29227,-0.02198679294080606,#a1d99b
1562,29229,0.0,#ffffff
1563,29510,0.0,#ffffff
1564,30001,0.0,#ffffff
1565,30003,0.07343677252658211,#74c476
1566,30005,0.0,#ffffff
1567,30007,0.0,#ffffff
1568,30009,0.0,#ffffff
1569,30011,0.0,#ffffff
1570,30013,0.0,#ffffff
1571,30015,0.0,#ffffff
1572,30017,0.0,#ffffff
1573,30019,0.016742728565562363,#74c476
1574,30021,-0.02234637561515896,#a1d99b
1575,30023,0.0,#ffffff
1576,30025,0.0,#ffffff
1577,30027,0.0,#ffffff
1578,30029,0.0,#ffffff
1579,30031,0.011077951052377445,#74c476
1580,30033,0.0,#ffffff
1581,30035,0.0,#ffffff
1582,30037,0.0,#ffffff
1583,30039,0.0,#ffffff
1584,30041,0.0,#ffffff
1585,30043,0.0,#ffffff
1586,30045,0.0,#ffffff
1587,30047,0.011576744665235502,#74c476
1588,30049,0.0,#ffffff
1589,30051,0.0,#ffffff
1590,30053,0.0,#ffffff
1591,30055,0.0,#ffffff
1592,30057,0.002865819734121786,#a1d99b
1593,30059,0.0,#ffffff
1594,30061,-0.0038200246174355766,#a1d99b
1595,30063,0.1698089352783928,#74c476
1596,30065,0.0,#ffffff
1597,30067,0.0,#ffffff
1598,30069,0.07077338800212003,#74c476
1599,30071,0.0,#ffffff
1600,30073,0.0,#ffffff
1601,30075,0.0,#ffffff
1602,30077,0.0,#ffffff
1603,30079,5.5749305922921514e-05,#a1d99b
1604,30081,0.0,#ffffff
1605,30083,0.11537242707942649,#74c476
1606,30085,0.0,#ffffff
1607,30087,0.0,#ffffff
1608,30089,-0.05962815801711738,#a1d99b
1609,30091,0.0,#ffffff
1610,30093,0.0,#ffffff
1611,30095,0.0,#ffffff
1612,30097,0.0,#ffffff
1613,30099,0.0,#ffffff
1614,30101,0.0,#ffffff
1615,30103,0.0,#ffffff
1616,30105,0.0,#ffffff
1617,30107,0.0,#ffffff
1618,30109,0.0,#ffffff
1619,30111,0.008064445514571944,#a1d99b
1620,31001,0.0,#ffffff
1621,31003,0.0,#ffffff
1622,31005,0.05099325608671011,#74c476
1623,31007,0.0,#ffffff
1624,31009,0.01615421459120825,#74c476
1625,31011,0.0,#ffffff
1626,31013,0.0,#ffffff
1627,31015,0.0,#ffffff
1628,31017,0.0019656765480284004,#a1d99b
1629,31019,0.0,#ffffff
1630,31021,0.0,#ffffff
1631,31023,0.0,#ffffff
1632,31025,0.0,#ffffff
1633,31027,0.0,#ffffff
1634,31029,0.2752325610904702,#41ab5d
1635,31031,0.0,#ffffff
1636,31033,0.0,#ffffff
1637,31035,0.0,#ffffff
1638,31037,0.00835963146386595,#a1d99b
1639,31039,-0.008309170615874916,#a1d99b
1640,31041,0.01041876199532529,#74c476
1641,31043,0.0,#ffffff
1642,31045,0.04829707045207584,#74c476
1643,31047,0.0,#ffffff
1644,31049,0.0,#ffffff
1645,31051,0.0,#ffffff
1646,31053,-0.013555291872317335,#a1d99b
1647,31055,0.2974281337346209,#41ab5d
1648,31057,-0.0495395733204435,#a1d99b
1649,31059,-0.01655199966591714,#a1d99b
1650,31061,0.004752136785885081,#a1d99b
1651,31063,-0.026486031083205405,#a1d99b
1652,31065,-0.06407073734923738,#a1d99b
1653,31067,0.0,#ffffff
1654,31069,0.12409275643782215,#74c476
1655,31071,0.0,#ffffff
1656,31073,0.0,#ffffff
1657,31075,0.0,#ffffff
1658,31077,0.033331624438578074,#74c476
1659,31079,0.0,#ffffff
1660,31081,0.008904314140868366,#a1d99b
1661,31083,0.01315895985519097,#74c476
1662,31085,-0.024272512301655686,#a1d99b
1663,31087,0.0,#ffffff
1664,31089,0.0016181313698420314,#a1d99b
1665,31091,0.0,#ffffff
1666,31093,-0.04502543325560714,#a1d99b
1667,31095,0.004252108228338604,#a1d99b
1668,31097,0.0,#ffffff
1669,31099,-0.036291527863496174,#a1d99b
1670,31101,0.0,#ffffff
1671,31103,0.0,#ffffff
1672,31105,0.0,#ffffff
1673,31107,-0.0019342447556120813,#a1d99b
1674,31109,0.26169754330331474,#41ab5d
1675,31111,-0.04021471928821746,#a1d99b
1676,31113,-0.005966925645061221,#a1d99b
1677,31115,0.008906134793273651,#a1d99b
1678,31117,0.0,#ffffff
1679,31119,-0.022518513316148032,#a1d99b
1680,31121,0.02216417397897915,#74c476
1681,31123,0.025152984060883773,#74c476
1682,31125,0.0,#ffffff
1683,31127,0.0,#ffffff
1684,31129,0.10031257049014905,#74c476
1685,31131,-3.9863506646450834e-05,#a1d99b
1686,31133,0.0,#ffffff
1687,31135,0.05454274172501681,#74c476
1688,31137,-0.014851325644564758,#a1d99b
1689,31139,0.0004232173882694234,#a1d99b
1690,31141,0.0,#ffffff
1691,31143,0.0,#ffffff
1692,31145,-0.0023641745427741916,#a1d99b
1693,31147,0.0,#ffffff
1694,31149,0.0,#ffffff
1695,31151,0.0,#ffffff
1696,31153,0.0,#ffffff
1697,31155,0.11391407992802303,#74c476
1698,31157,0.1309505815366537,#74c476
1699,31159,-0.0028669306440236566,#a1d99b
1700,31161,0.10632942847001517,#74c476
1701,31163,0.050125039478100625,#74c476
1702,31165,0.011445272167755306,#74c476
1703,31167,0.07426812843045992,#74c476
1704,31169,0.032738740300140005,#74c476
1705,31171,0.07531000156786828,#74c476
1706,31173,0.03198510759470665,#74c476
1707,31175,0.0,#ffffff
1708,31177,-0.006419203688919117,#a1d99b
1709,31179,0.0,#ffffff
1710,31181,0.007517391221057584,#a1d99b
1711,31183,0.0,#ffffff
1712,31185,0.0,#ffffff
1713,32001,0.0,#ffffff
1714,32003,0.0,#ffffff
1715,32005,-0.008525086347664551,#a1d99b
1716,32007,0.0,#ffffff
1717,32009,0.09129475032838151,#74c476
1718,32011,0.027737384618311624,#74c476
1719,32013,0.02542472282535893,#74c476
1720,32015,0.0,#ffffff
1721,32017,-0.02531472658890319,#a1d99b
1722,32019,0.004062519912630192,#a1d99b
1723,32021,0.0,#ffffff
1724,32023,0.0,#ffffff
1725,32027,-0.001053066799731854,#a1d99b
1726,32029,-0.014009393235974686,#a1d99b
1727,32031,-0.01501577714338592,#a1d99b
1728,32033,0.02586347873053823,#74c476
1729,32510,-0.04125898561924909,#a1d99b
1730,33001,0.0,#ffffff
1731,33003,0.06352668953194064,#74c476
1732,33005,-0.019140603357259995,#a1d99b
1733,33007,0.0,#ffffff
1734,33009,0.21254033880508266,#41ab5d
1735,33011,0.0,#ffffff
1736,33013,0.0,#ffffff
1737,33015,0.01748923000962963,#74c476
1738,33017,-0.005306910022655605,#a1d99b
1739,33019,-0.0072424664775552275,#a1d99b
1740,34001,-0.0010231905601499735,#a1d99b
1741,34003,0.0,#ffffff
1742,34005,0.011574809460326038,#74c476
1743,34007,0.08280178332888667,#74c476
1744,34009,0.1826716238724707,#74c476
1745,34011,0.10400701011779287,#74c476
1746,34013,0.2734601575667929,#41ab5d
1747,34015,0.08756986457370408,#74c476
1748,34017,0.0,#ffffff
1749,34019,0.073445252110054,#74c476
1750,34021,0.0016851177237602315,#a1d99b
1751,34023,0.0,#ffffff
1752,34025,0.0,#ffffff
1753,34027,0.0,#ffffff
1754,34029,0.0,#ffffff
1755,34031,0.0,#ffffff
1756,34033,0.0,#ffffff
1757,34035,0.08207774416211588,#74c476
1758,34037,0.0,#ffffff
1759,34039,0.018547915960477713,#74c476
1760,34041,0.018304721274767767,#74c476
1761,35001,0.02139293298080398,#74c476
1762,35003,0.0899082556435499,#74c476
1763,35005,0.06967361837053687,#74c476
1764,35006,-0.19543734996677056,#c7e9c0
1765,35007,0.0152440642222357,#74c476
1766,35009,0.29868245885587685,#41ab5d
1767,35011,0.12085462544258499,#74c476
1768,35013,0.0,#ffffff
1769,35015,0.1787396174271355,#74c476
1770,35017,0.0,#ffffff
1771,35019,0.1899461045881574,#74c476
1772,35021,0.013654494860307797,#74c476
1773,35023,-0.002866697044517558,#a1d99b
1774,35025,0.24833047514996068,#41ab5d
1775,35027,0.05544137180165566,#74c476
1776,35028,0.15339815615829563,#74c476
1777,35029,0.0,#ffffff
1778,35031,-0.03238783680262288,#a1d99b
1779,35033,-0.000741451050327018,#a1d99b
1780,35035,0.09758935021410982,#74c476
1781,35037,0.012247505529070649,#74c476
1782,35039,0.04118695827613231,#74c476
1783,35041,0.017513816107061392,#74c476
1784,35043,0.0,#ffffff
1785,35045,0.015576485267050364,#74c476
1786,35047,0.2423511189432083,#41ab5d
1787,35049,0.0,#ffffff
1788,35051,0.0,#ffffff
1789,35053,0.09317571455114883,#74c476
1790,35055,-0.008375044009053102,#a1d99b
1791,35057,-0.007116644337467919,#a1d99b
1792,35059,0.00802025438565119,#a1d99b
1793,35061,0.04507850773066088,#74c476
1794,36001,0.16029632413190112,#74c476
1795,36003,0.02765209928151964,#74c476
1796,36005,0.3576115231103696,#41ab5d
1797,36007,0.030154511968908018,#74c476
1798,36009,0.2109646467362686,#41ab5d
1799,36011,0.03609360378578056,#74c476
1800,36013,0.0,#ffffff
1801,36015,-0.19297922167424564,#c7e9c0
1802,36017,0.08285936520913444,#74c476
1803,36019,0.09764006275503007,#74c476
1804,36021,-0.00807734313489461,#a1d99b
1805,36023,-0.008220949345362487,#a1d99b
1806,36025,0.5378040964504294,#238b45
1807,36027,0.039450543742179794,#74c476
1808,36029,0.11470545670849763,#74c476
1809,36031,-0.04347760675832944,#a1d99b
1810,36033,0.01881389755035834,#74c476
1811,36035,0.03686165424927627,#74c476
1812,36037,-0.010026702933556174,#a1d99b
1813,36039,0.0,#ffffff
1814,36041,0.29519589403932645,#41ab5d
1815,36043,0.220445352065391,#41ab5d
1816,36045,0.02017818691791264,#74c476
1817,36047,0.08935228083326534,#74c476
1818,36049,-0.03661066411926795,#a1d99b
1819,36051,0.009498441712002209,#a1d99b
1820,36053,-0.009800566160915052,#a1d99b
1821,36055,0.023416610009682644,#74c476
1822,36057,0.03214052316788123,#74c476
1823,36059,0.06515862938588536,#74c476
1824,36061,0.03256975755039117,#74c476
1825,36063,-0.11929222570768683,#a1d99b
1826,36065,0.006279815759887682,#a1d99b
1827,36067,0.029393534830815173,#74c476
1828,36069,-0.11255988572778342,#a1d99b
1829,36071,0.0,#ffffff
1830,36073,0.13219294989352656,#74c476
1831,36075,0.12454152799402624,#74c476
1832,36077,0.05812085558459569,#74c476
1833,36079,0.0013454382812757122,#a1d99b
1834,36081,0.020775645001798102,#74c476
1835,36083,0.0003441879904272485,#a1d99b
1836,36085,-0.03917966730869036,#a1d99b
1837,36087,0.0,#ffffff
1838,36089,0.01957379489168958,#74c476
1839,36091,0.0,#ffffff
1840,36093,0.0,#ffffff
1841,36095,0.0,#ffffff
1842,36097,0.0,#ffffff
1843,36099,0.0,#ffffff
1844,36101,-0.08765461352692686,#a1d99b
1845,36103,0.0,#ffffff
1846,36105,0.0,#ffffff
1847,36107,0.016599213612771956,#74c476
1848,36109,0.0,#ffffff
1849,36111,0.0,#ffffff
1850,36113,0.0,#ffffff
1851,36115,0.047989283229680345,#74c476
1852,36117,0.0,#ffffff
1853,36119,-0.013886418563162431,#a1d99b
1854,36121,-0.025149899987875066,#a1d99b
1855,36123,0.0,#ffffff
1856,37001,0.03822737711158404,#74c476
1857,37003,0.03716123537305252,#74c476
1858,37005,0.01108116118673091,#74c476
1859,37007,-0.0009066305140593067,#a1d99b
1860,37009,0.04187268367280175,#74c476
1861,37011,0.04506336215790316,#74c476
1862,37013,0.0,#ffffff
1863,37015,0.02662658303951715,#74c476
1864,37017,0.0,#ffffff
1865,37019,0.0,#ffffff
1866,37021,0.0,#ffffff
1867,37023,0.016044168079873695,#74c476
1868,37025,-0.0017103699351188422,#a1d99b
1869,37027,0.0,#ffffff
1870,37029,-0.04065973635369511,#a1d99b
1871,37031,-0.053513150299435784,#a1d99b
1872,37033,0.0,#ffffff
1873,37035,0.0,#ffffff
1874,37037,0.0,#ffffff
1875,37039,-0.0821519163144527,#a1d99b
1876,37041,-0.011994877954374872,#a1d99b
1877,37043,0.0,#ffffff
1878,37045,0.0,#ffffff
1879,37047,0.098439658907795,#74c476
1880,37049,0.0,#ffffff
1881,37051,0.0,#ffffff
1882,37053,0.0,#ffffff
1883,37055,0.044140242895906366,#74c476
1884,37057,-0.10515701684506697,#a1d99b
1885,37059,-0.07981869386967425,#a1d99b
1886,37061,0.0,#ffffff
1887,37063,0.0,#ffffff
1888,37065,0.0,#ffffff
1889,37067,0.0,#ffffff
1890,37069,-0.01518781480629377,#a1d99b
1891,37071,0.02583178153996018,#74c476
1892,37073,-0.004057235362236154,#a1d99b
1893,37075,0.019376624732509118,#74c476
1894,37077,0.0,#ffffff
1895,37079,0.0,#ffffff
1896,37081,0.07364710697060763,#74c476
1897,37083,0.0,#ffffff
1898,37085,0.009616729424082534,#a1d99b
1899,37087,0.0,#ffffff
1900,37089,0.0,#ffffff
1901,37091,0.0,#ffffff
1902,37093,0.0,#ffffff
1903,37095,0.0,#ffffff
1904,37097,0.0,#ffffff
1905,37099,0.0,#ffffff
1906,37101,0.0,#ffffff
1907,37103,0.0,#ffffff
1908,37105,0.0,#ffffff
1909,37107,0.05671133337265807,#74c476
1910,37109,0.00862375932892214,#a1d99b
1911,37111,0.0,#ffffff
1912,37113,0.0,#ffffff
1913,37115,0.0,#ffffff
1914,37117,0.0,#ffffff
1915,37119,0.0,#ffffff
1916,37121,0.0,#ffffff
1917,37123,0.0,#ffffff
1918,37125,0.0,#ffffff
1919,37127,0.0,#ffffff
1920,37129,0.0,#ffffff
1921,37131,0.0,#ffffff
1922,37133,0.0,#ffffff
1923,37135,0.003532180814820293,#a1d99b
1924,37137,0.0,#ffffff
1925,37139,-0.021672732502458436,#a1d99b
1926,37141,0.0,#ffffff
1927,37143,0.0,#ffffff
1928,37145,0.0,#ffffff
1929,37147,0.0,#ffffff
1930,37149,0.0,#ffffff
1931,37151,0.0,#ffffff
1932,37153,0.0,#ffffff
1933,37155,0.0,#ffffff
1934,37157,0.0,#ffffff
1935,37159,0.0,#ffffff
1936,37161,0.0,#ffffff
1937,37163,0.0,#ffffff
1938,37165,0.0,#ffffff
1939,37167,0.0,#ffffff
1940,37169,0.0,#ffffff
1941,37171,0.0,#ffffff
1942,37173,0.0,#ffffff
1943,37175,0.0,#ffffff
1944,37177,0.0,#ffffff
1945,37179,0.0,#ffffff
1946,37181,0.0,#ffffff
1947,37183,0.0,#ffffff
1948,37185,0.0,#ffffff
1949,37187,0.0,#ffffff
1950,37189,0.0,#ffffff
1951,37191,0.0,#ffffff
1952,37193,0.0,#ffffff
1953,37195,0.0,#ffffff
1954,37197,0.0,#ffffff
1955,37199,0.0,#ffffff
1956,38001,0.0,#ffffff
1957,38003,0.0,#ffffff
1958,38005,0.0,#ffffff
1959,38007,0.0,#ffffff
1960,38009,0.0,#ffffff
1961,38011,0.0,#ffffff
1962,38013,0.0,#ffffff
1963,38015,0.0,#ffffff
1964,38017,0.0,#ffffff
1965,38019,0.0,#ffffff
1966,38021,0.0,#ffffff
1967,38023,0.0,#ffffff
1968,38025,0.0,#ffffff
1969,38027,0.0,#ffffff
1970,38029,0.0,#ffffff
1971,38031,0.0,#ffffff
1972,38033,0.0,#ffffff
1973,38035,0.0,#ffffff
1974,38037,0.0,#ffffff
1975,38039,0.0,#ffffff
1976,38041,0.0,#ffffff
1977,38043,0.0,#ffffff
1978,38045,0.0,#ffffff
1979,38047,0.0,#ffffff
1980,38049,0.0,#ffffff
1981,38051,0.07355287588358582,#74c476
1982,38053,0.008552315802090009,#a1d99b
1983,38055,0.0,#ffffff
1984,38057,0.0,#ffffff
1985,38059,0.0,#ffffff
1986,38061,-0.03464973563693418,#a1d99b
1987,38063,0.0,#ffffff
1988,38065,0.0,#ffffff
1989,38067,0.0,#ffffff
1990,38069,0.0,#ffffff
1991,38071,0.0,#ffffff
1992,38073,0.0,#ffffff
1993,38075,0.015725418349473774,#74c476
1994,38077,0.0,#ffffff
1995,38079,0.0,#ffffff
1996,38081,0.0,#ffffff
1997,38083,0.0,#ffffff
1998,38085,0.0,#ffffff
1999,38087,0.0,#ffffff
2000,38089,0.0,#ffffff
2001,38091,0.0,#ffffff
2002,38093,0.0,#ffffff
2003,38095,0.0,#ffffff
2004,38097,0.0,#ffffff
2005,38099,-0.08992078594190754,#a1d99b
2006,38101,0.0,#ffffff
2007,38103,0.0,#ffffff
2008,38105,0.0,#ffffff
2009,39001,0.0,#ffffff
2010,39003,0.0,#ffffff
2011,39005,0.0,#ffffff
2012,39007,0.0,#ffffff
2013,39009,0.0,#ffffff
2014,39011,0.0,#ffffff
2015,39013,0.0,#ffffff
2016,39015,0.0,#ffffff
2017,39017,0.0,#ffffff
2018,39019,0.0,#ffffff
2019,39021,0.0,#ffffff
2020,39023,0.0,#ffffff
2021,39025,0.0,#ffffff
2022,39027,0.0,#ffffff
2023,39029,-0.007590904980190967,#a1d99b
2024,39031,0.0,#ffffff
2025,39033,0.0,#ffffff
2026,39035,0.0,#ffffff
2027,39037,0.0,#ffffff
2028,39039,0.0,#ffffff
2029,39041,0.0,#ffffff
2030,39043,0.0161071605140645,#74c476
2031,39045,0.0,#ffffff
2032,39047,0.0,#ffffff
2033,39049,0.0,#ffffff
2034,39051,0.0,#ffffff
2035,39053,0.0,#ffffff
2036,39055,-0.014535824084749793,#a1d99b
2037,39057,0.0,#ffffff
2038,39059,0.0,#ffffff
2039,39061,0.0,#ffffff
2040,39063,0.0,#ffffff
2041,39065,0.0,#ffffff
2042,39067,0.03787630590517485,#74c476
2043,39069,0.04528413492614751,#74c476
2044,39071,0.0,#ffffff
2045,39073,0.030074680933416805,#74c476
2046,39075,0.0,#ffffff
2047,39077,0.18522138535735647,#74c476
2048,39079,0.0,#ffffff
2049,39081,0.058556300900690125,#74c476
2050,39083,0.0,#ffffff
2051,39085,0.2505581919386239,#41ab5d
2052,39087,0.0,#ffffff
2053,39089,0.0,#ffffff
2054,39091,0.0,#ffffff
2055,39093,0.11174485858561993,#74c476
2056,39095,0.0,#ffffff
2057,39097,0.0,#ffffff
2058,39099,0.0,#ffffff
2059,39101,0.0,#ffffff
2060,39103,0.0,#ffffff
2061,39105,0.0,#ffffff
2062,39107,0.02789299077459187,#74c476
2063,39109,0.06512470848749,#74c476
2064,39111,0.0,#ffffff
2065,39113,0.0,#ffffff
2066,39115,0.0,#ffffff
2067,39117,0.0,#ffffff
2068,39119,0.0,#ffffff
2069,39121,0.0,#ffffff
2070,39123,0.0,#ffffff
2071,39125,0.0,#ffffff
2072,39127,0.0,#ffffff
2073,39129,0.0,#ffffff
2074,39131,0.0,#ffffff
2075,39133,0.0,#ffffff
2076,39135,0.0,#ffffff
2077,39137,0.0,#ffffff
2078,39139,0.0,#ffffff
2079,39141,0.0,#ffffff
2080,39143,0.0,#ffffff
2081,39145,0.0,#ffffff
2082,39147,0.0,#ffffff
2083,39149,0.0,#ffffff
2084,39151,0.0,#ffffff
2085,39153,0.0,#ffffff
2086,39155,0.0,#ffffff
2087,39157,-0.02735247964720834,#a1d99b
2088,39159,0.0,#ffffff
2089,39161,0.0,#ffffff
2090,39163,0.0,#ffffff
2091,39165,0.0,#ffffff
2092,39167,0.0,#ffffff
2093,39169,0.0,#ffffff
2094,39171,0.05275055204514468,#74c476
2095,39173,0.0,#ffffff
2096,39175,0.0,#ffffff
2097,40001,0.0,#ffffff
2098,40003,0.0,#ffffff
2099,40005,0.0,#ffffff
2100,40007,0.0,#ffffff
2101,40009,0.0,#ffffff
2102,40011,0.0,#ffffff
2103,40013,0.0,#ffffff
2104,40015,0.0,#ffffff
2105,40017,0.0,#ffffff
2106,40019,0.0,#ffffff
2107,40021,0.0,#ffffff
2108,40023,0.0,#ffffff
2109,40025,0.0,#ffffff
2110,40027,0.0,#ffffff
2111,40029,0.0,#ffffff
2112,40031,0.0,#ffffff
2113,40033,0.0,#ffffff
2114,40035,0.0,#ffffff
2115,40037,0.0,#ffffff
2116,40039,0.0,#ffffff
2117,40041,0.0,#ffffff
2118,40043,0.0,#ffffff
2119,40045,0.0,#ffffff
2120,40047,0.0,#ffffff
2121,40049,0.23545743287385126,#41ab5d
2122,40051,0.0,#ffffff
2123,40053,0.05416876726733928,#74c476
2124,40055,0.02600941656320692,#74c476
2125,40057,0.0,#ffffff
2126,40059,-0.030365853762077705,#a1d99b
2127,40061,0.0,#ffffff
2128,40063,0.0022706795953535666,#a1d99b
2129,40065,0.0,#ffffff
2130,40067,0.04341902946743469,#74c476
2131,40069,0.0,#ffffff
2132,40071,-0.007286585008565175,#a1d99b
2133,40073,0.0,#ffffff
2134,40075,0.0,#ffffff
2135,40077,0.05999778520715387,#74c476
2136,40079,-0.012045815229534095,#a1d99b
2137,40081,0.0,#ffffff
2138,40083,0.0880960099444044,#74c476
2139,40085,0.0022351850262156206,#a1d99b
2140,40087,0.0,#ffffff
2141,40089,0.07042412170181322,#74c476
2142,40091,0.0,#ffffff
2143,40093,0.0,#ffffff
2144,40095,0.0,#ffffff
2145,40097,0.06279566414785615,#74c476
2146,40099,0.006859169927340462,#a1d99b
2147,40101,0.0,#ffffff
2148,40103,0.0,#ffffff
2149,40105,0.0,#ffffff
2150,40107,0.0,#ffffff
2151,40109,-0.02704697084314359,#a1d99b
2152,40111,-0.020493367120813264,#a1d99b
2153,40113,0.0,#ffffff
2154,40115,0.00792971190627791,#a1d99b
2155,40117,0.04298067925000115,#74c476
2156,40119,0.039395632963286874,#74c476
2157,40121,-0.05317303388460829,#a1d99b
2158,40123,0.0,#ffffff
2159,40125,-0.016070698361132986,#a1d99b
2160,40127,0.0,#ffffff
2161,40129,0.0,#ffffff
2162,40131,0.0,#ffffff
2163,40133,0.0,#ffffff
2164,40135,0.20272374346412161,#74c476
2165,40137,0.012793634878904706,#74c476
2166,40139,0.0,#ffffff
2167,40141,0.0,#ffffff
2168,40143,0.0,#ffffff
2169,40145,0.0,#ffffff
2170,40147,-0.00980633961671996,#a1d99b
2171,40149,-0.08164792141074999,#a1d99b
2172,40151,0.0,#ffffff
2173,40153,-0.037478692854495926,#a1d99b
2174,41001,-0.02598994510751411,#a1d99b
2175,41003,0.0028358172850268073,#a1d99b
2176,41005,0.0,#ffffff
2177,41007,0.021129897590878393,#74c476
2178,41009,0.008839853850570546,#a1d99b
2179,41011,0.0,#ffffff
2180,41013,0.0,#ffffff
2181,41015,0.0,#ffffff
2182,41017,0.0,#ffffff
2183,41019,0.0,#ffffff
2184,41021,-0.003924047228248982,#a1d99b
2185,41023,-0.021201540806854113,#a1d99b
2186,41025,0.053220619638539,#74c476
2187,41027,0.0,#ffffff
2188,41029,0.0,#ffffff
2189,41031,0.010278407112857475,#74c476
2190,41033,0.016110812795211968,#74c476
2191,41035,0.0,#ffffff
2192,41037,0.019824278301481216,#74c476
2193,41039,0.00718641659846452,#a1d99b
2194,41041,0.0,#ffffff
2195,41043,0.0,#ffffff
2196,41045,0.0,#ffffff
2197,41047,-0.0477464830032917,#a1d99b
2198,41049,0.0,#ffffff
2199,41051,0.03154198949249108,#74c476
2200,41053,0.008577280527087144,#a1d99b
2201,41055,-0.003233387398989678,#a1d99b
2202,41057,0.0,#ffffff
2203,41059,0.0014713054334737367,#a1d99b
2204,41061,0.043544684496631465,#74c476
2205,41063,0.0,#ffffff
2206,41065,-0.00716008373556338,#a1d99b
2207,41067,0.0,#ffffff
2208,41069,0.02662883961557356,#74c476
2209,41071,0.0,#ffffff
2210,42001,0.0,#ffffff
2211,42003,0.0,#ffffff
2212,42005,-0.05896677059648082,#a1d99b
2213,42007,-0.024339328760604018,#a1d99b
2214,42009,0.129150552783164,#74c476
2215,42011,-0.0055839885019343975,#a1d99b
2216,42013,0.0,#ffffff
2217,42015,-0.03448721264453113,#a1d99b
2218,42017,0.0,#ffffff
2219,42019,0.0,#ffffff
2220,42021,0.0,#ffffff
2221,42023,0.0,#ffffff
2222,42025,0.0,#ffffff
2223,42027,0.0,#ffffff
2224,42029,0.0,#ffffff
2225,42031,0.0,#ffffff
2226,42033,0.0,#ffffff
2227,42035,0.0,#ffffff
2228,42037,0.05042038128516374,#74c476
2229,42039,0.0,#ffffff
2230,42041,0.0,#ffffff
2231,42043,0.0,#ffffff
2232,42045,0.0,#ffffff
2233,42047,0.0,#ffffff
2234,42049,-0.0011089512083108234,#a1d99b
2235,42051,0.0,#ffffff
2236,42053,0.0,#ffffff
2237,42055,0.0,#ffffff
2238,42057,0.0,#ffffff
2239,42059,0.0,#ffffff
2240,42061,0.0,#ffffff
2241,42063,0.06698318911636408,#74c476
2242,42065,0.0,#ffffff
2243,42067,0.0,#ffffff
2244,42069,0.0,#ffffff
2245,42071,0.0,#ffffff
2246,42073,0.0,#ffffff
2247,42075,0.0,#ffffff
2248,42077,0.11207931509164476,#74c476
2249,42079,0.0,#ffffff
2250,42081,0.0,#ffffff
2251,42083,0.0,#ffffff
2252,42085,0.0,#ffffff
2253,42087,0.0,#ffffff
2254,42089,0.0,#ffffff
2255,42091,-0.12375265267035081,#a1d99b
2256,42093,0.0,#ffffff
2257,42095,0.0,#ffffff
2258,42097,0.0,#ffffff
2259,42099,0.0,#ffffff
2260,42101,0.0,#ffffff
2261,42103,0.0,#ffffff
2262,42105,0.0,#ffffff
2263,42107,0.0,#ffffff
2264,42109,0.0,#ffffff
2265,42111,0.0,#ffffff
2266,42113,0.0,#ffffff
2267,42115,0.007572822895218822,#a1d99b
2268,42117,0.0,#ffffff
2269,42119,0.0,#ffffff
2270,42121,0.0,#ffffff
2271,42123,0.0,#ffffff
2272,42125,0.0,#ffffff
2273,42127,0.0,#ffffff
2274,42129,0.0,#ffffff
2275,42131,0.0,#ffffff
2276,42133,0.0,#ffffff
2277,44001,0.0,#ffffff
2278,44003,0.0,#ffffff
2279,44005,0.0,#ffffff
2280,44007,0.0,#ffffff
2281,44009,0.0,#ffffff
2282,45001,0.011638938572753901,#74c476
2283,45003,0.0,#ffffff
2284,45005,0.0,#ffffff
2285,45007,0.0,#ffffff
2286,45009,0.0,#ffffff
2287,45011,0.0,#ffffff
2288,45013,-0.02217915738589208,#a1d99b
2289,45015,0.041298655063539594,#74c476
2290,45017,0.0,#ffffff
2291,45019,0.0,#ffffff
2292,45021,0.0,#ffffff
2293,45023,0.011954840942149454,#74c476
2294,45025,-0.008327193693592602,#a1d99b
2295,45027,-0.006460238302553454,#a1d99b
2296,45029,0.0209194037744076,#74c476
2297,45031,0.09080772371548775,#74c476
2298,45033,0.01356270052857098,#74c476
2299,45035,-0.013275011268967763,#a1d99b
2300,45037,0.09578587554858674,#74c476
2301,45039,0.0,#ffffff
2302,45041,0.04710190362137624,#74c476
2303,45043,-0.0063467169707868655,#a1d99b
2304,45045,0.05177432098904728,#74c476
2305,45047,0.005619510045370365,#a1d99b
2306,45049,0.0,#ffffff
2307,45051,-0.02742667068348494,#a1d99b
2308,45053,0.0,#ffffff
2309,45055,0.0,#ffffff
2310,45057,0.027926013984989163,#74c476
2311,45059,0.008505573444592955,#a1d99b
2312,45061,0.0,#ffffff
2313,45063,0.0,#ffffff
2314,45065,-0.014691864046873716,#a1d99b
2315,45067,0.0028518189278749764,#a1d99b
2316,45069,0.052311185619564854,#74c476
2317,45071,0.0,#ffffff
2318,45073,0.05081808876319045,#74c476
2319,45075,0.06512907962469186,#74c476
2320,45077,0.04209803500281142,#74c476
2321,45079,0.002450320437705262,#a1d99b
2322,45081,0.0,#ffffff
2323,45083,0.1721819029774018,#74c476
2324,45085,-0.019870644250048,#a1d99b
2325,45087,0.05784363421887042,#74c476
2326,45089,0.07197829762320838,#74c476
2327,45091,0.05411013297277187,#74c476
2328,46003,-0.021102419731152688,#a1d99b
2329,46005,0.0,#ffffff
2330,46007,0.0,#ffffff
2331,46009,0.0,#ffffff
2332,46011,0.07788896139781715,#74c476
2333,46013,0.0,#ffffff
2334,46015,0.0,#ffffff
2335,46017,0.02952319778535078,#74c476
2336,46019,0.0,#ffffff
2337,46021,0.009777094955331129,#a1d99b
2338,46023,0.06177621018834455,#74c476
2339,46025,0.0,#ffffff
2340,46027,-0.1379397385856186,#a1d99b
2341,46029,0.0,#ffffff
2342,46031,0.023637766869860723,#74c476
2343,46033,1.0,#00441b
2344,46035,0.0,#ffffff
2345,46037,0.0,#ffffff
2346,46039,0.008029208010166173,#a1d99b
2347,46041,-0.0255371082642932,#a1d99b
2348,46043,-0.004927223087470755,#a1d99b
2349,46045,0.0,#ffffff
2350,46047,-0.010676745145720708,#a1d99b
2351,46049,0.032119983597741666,#74c476
2352,46051,-0.0014174121583898434,#a1d99b
2353,46053,0.012333427947556333,#74c476
2354,46055,0.0277140066992003,#74c476
2355,46057,0.11470557995449125,#74c476
2356,46059,-0.003303915887044777,#a1d99b
2357,46061,-0.006135399602822193,#a1d99b
2358,46063,-0.03610210182912261,#a1d99b
2359,46065,0.05683073239103213,#74c476
2360,46067,0.01575012380926368,#74c476
2361,46069,-0.008067242326800754,#a1d99b
2362,46071,0.0005912745578528447,#a1d99b
2363,46073,-0.03655390749463904,#a1d99b
2364,46075,-0.7821349215281498,#f7fcf5
2365,46077,-0.000886294298207493,#a1d99b
2366,46079,-0.00758271259402972,#a1d99b
2367,46081,0.3240888935451727,#41ab5d
2368,46083,0.0,#ffffff
2369,46085,0.11119118102607775,#74c476
2370,46087,0.0006229655803591902,#a1d99b
2371,46089,0.0,#ffffff
2372,46091,0.2012414183582722,#74c476
2373,46093,-0.0013869924335632425,#a1d99b
2374,46095,-0.00575893437602966,#a1d99b
2375,46097,0.013591467439631693,#74c476
2376,46099,0.06094014439253519,#74c476
2377,46101,0.0,#ffffff
2378,46103,-0.024235050831311836,#a1d99b
2379,46105,-0.15336093701577966,#a1d99b
2380,46107,0.010319554121084337,#74c476
2381,46109,0.011502899247287564,#74c476
2382,46111,0.0,#ffffff
2383,46115,-0.028586999530481536,#a1d99b
2384,46117,-0.003970758348151955,#a1d99b
2385,46119,0.006532152763843483,#a1d99b
2386,46121,0.0134373840953277,#74c476
2387,46123,0.0019162547377867191,#a1d99b
2388,46125,0.00034485308486235136,#a1d99b
2389,46127,-0.01936453657247648,#a1d99b
2390,46129,-0.00847133803240245,#a1d99b
2391,46135,0.04580665176539531,#74c476
2392,46137,-0.00899066816077336,#a1d99b
2393,47001,-0.020304342098933892,#a1d99b
2394,47003,0.04246934022190836,#74c476
2395,47005,-0.051029898269934815,#a1d99b
2396,47007,0.04382460438704598,#74c476
2397,47009,-0.06379856894638193,#a1d99b
2398,47011,-0.010214449789326672,#a1d99b
2399,47013,-0.06556098475231593,#a1d99b
2400,47015,0.0174719831659041,#74c476
2401,47017,0.03241439721063196,#74c476
2402,47019,-0.0017014316255602718,#a1d99b
2403,47021,-0.0023392523321058667,#a1d99b
2404,47023,0.0,#ffffff
2405,47025,0.015516250066310694,#74c476
2406,47027,-0.00688736314785273,#a1d99b
2407,47029,-0.06942164236028665,#a1d99b
2408,47031,0.0,#ffffff
2409,47033,0.0062283098789213814,#a1d99b
2410,47035,-0.0036219881596749872,#a1d99b
2411,47037,0.03441629384334191,#74c476
2412,47039,0.006806796792179072,#a1d99b
2413,47041,0.007475498314886507,#a1d99b
2414,47043,0.0,#ffffff
2415,47045,0.007253912433124833,#a1d99b
2416,47047,0.01266813512687592,#74c476
2417,47049,-0.0007319053064186806,#a1d99b
2418,47051,0.015602283330087844,#74c476
2419,47053,0.008271872387612891,#a1d99b
2420,47055,-0.008189176657747375,#a1d99b
2421,47057,-0.028463008711368216,#a1d99b
2422,47059,0.022765324260633223,#74c476
2423,47061,-0.023573139818064952,#a1d99b
2424,47063,-0.011705545882665376,#a1d99b
2425,47065,-0.015441405549073133,#a1d99b
2426,47067,0.027080167087100364,#74c476
2427,47069,-0.00022326528429705044,#a1d99b
2428,47071,-0.035564726459451766,#a1d99b
2429,47073,-0.05152625062492775,#a1d99b
2430,47075,0.002986835677325,#a1d99b
2431,47077,0.12025091328895,#74c476
2432,47079,-0.03549710497916529,#a1d99b
2433,47081,-0.014630338462020226,#a1d99b
2434,47083,0.18034421277214527,#74c476
2435,47085,-0.007896295133756857,#a1d99b
2436,47087,-0.0034340901009684913,#a1d99b
2437,47089,0.0,#ffffff
2438,47091,0.007203236143037372,#a1d99b
2439,47093,-0.014340119531439068,#a1d99b
2440,47095,0.05531647082873587,#74c476
2441,47097,0.00014002581416430515,#a1d99b
2442,47099,0.0,#ffffff
2443,47101,0.08798342611036593,#74c476
2444,47103,0.0,#ffffff
2445,47105,0.0,#ffffff
2446,47107,0.0,#ffffff
2447,47109,0.0,#ffffff
2448,47111,0.0,#ffffff
2449,47113,0.0,#ffffff
2450,47115,0.0,#ffffff
2451,47117,0.0,#ffffff
2452,47119,0.0,#ffffff
2453,47121,0.0,#ffffff
2454,47123,0.0,#ffffff
2455,47125,0.0,#ffffff
2456,47127,0.0,#ffffff
2457,47129,0.0,#ffffff
2458,47131,0.0,#ffffff
2459,47133,0.0,#ffffff
2460,47135,0.0,#ffffff
2461,47137,0.0,#ffffff
2462,47139,0.0,#ffffff
2463,47141,0.0,#ffffff
2464,47143,0.0,#ffffff
2465,47145,0.0,#ffffff
2466,47147,0.0,#ffffff
2467,47149,0.0,#ffffff
2468,47151,0.0,#ffffff
2469,47153,0.0,#ffffff
2470,47155,0.12032525925272808,#74c476
2471,47157,0.0,#ffffff
2472,47159,0.0,#ffffff
2473,47161,0.0,#ffffff
2474,47163,0.0,#ffffff
2475,47165,0.0,#ffffff
2476,47167,0.0,#ffffff
2477,47169,0.03195165572792336,#74c476
2478,47171,0.0,#ffffff
2479,47173,0.0,#ffffff
2480,47175,0.0,#ffffff
2481,47177,0.0,#ffffff
2482,47179,0.0,#ffffff
2483,47181,0.0,#ffffff
2484,47183,0.10118218827751162,#74c476
2485,47185,0.0,#ffffff
2486,47187,0.0,#ffffff
2487,47189,0.0,#ffffff
2488,48001,0.0,#ffffff
2489,48003,0.0,#ffffff
2490,48005,0.0,#ffffff
2491,48007,0.0,#ffffff
2492,48009,0.0,#ffffff
2493,48011,0.0,#ffffff
2494,48013,0.0,#ffffff
2495,48015,0.0,#ffffff
2496,48017,0.0,#ffffff
2497,48019,0.1954932877628333,#74c476
2498,48021,0.0,#ffffff
2499,48023,0.0,#ffffff
2500,48025,0.0,#ffffff
2501,48027,0.0,#ffffff
2502,48029,0.0,#ffffff
2503,48031,0.31571646838287,#41ab5d
2504,48033,0.0,#ffffff
2505,48035,0.0,#ffffff
2506,48037,0.0,#ffffff
2507,48039,0.0,#ffffff
2508,48041,0.0,#ffffff
2509,48043,0.0,#ffffff
2510,48045,0.02578598853882462,#74c476
2511,48047,0.0,#ffffff
2512,48049,0.0,#ffffff
2513,48051,0.0,#ffffff
2514,48053,0.0,#ffffff
2515,48055,0.0,#ffffff
2516,48057,0.10265035555168212,#74c476
2517,48059,0.0,#ffffff
2518,48061,0.0,#ffffff
2519,48063,0.0,#ffffff
2520,48065,0.0,#ffffff
2521,48067,0.0,#ffffff
2522,48069,0.06315664967758562,#74c476
2523,48071,0.0,#ffffff
2524,48073,0.0,#ffffff
2525,48075,0.0,#ffffff
2526,48077,0.0,#ffffff
2527,48079,0.0,#ffffff
2528,48081,0.0,#ffffff
2529,48083,0.0,#ffffff
2530,48085,0.0,#ffffff
2531,48087,0.0,#ffffff
2532,48089,0.0,#ffffff
2533,48091,0.0,#ffffff
2534,48093,0.0,#ffffff
2535,48095,0.0,#ffffff
2536,48097,0.0,#ffffff
2537,48099,0.0,#ffffff
2538,48101,0.0,#ffffff
2539,48103,0.0,#ffffff
2540,48105,0.0,#ffffff
2541,48107,0.0,#ffffff
2542,48109,0.0,#ffffff
2543,48111,0.0,#ffffff
2544,48113,0.0,#ffffff
2545,48115,0.0,#ffffff
2546,48117,0.0008391153602207412,#a1d99b
2547,48119,-0.016924468658618883,#a1d99b
2548,48121,0.03245567343984442,#74c476
2549,48123,0.0017525960060819936,#a1d99b
2550,48125,0.03119818268532123,#74c476
2551,48127,0.0034374092993652173,#a1d99b
2552,48129,-0.011282949147914693,#a1d99b
2553,48131,0.0019140899383582486,#a1d99b
2554,48133,-0.01235802026054018,#a1d99b
2555,48135,-0.01957741199768609,#a1d99b
2556,48137,0.0,#ffffff
2557,48139,-0.01873046789996718,#a1d99b
2558,48141,0.0,#ffffff
2559,48143,0.01682054788244617,#74c476
2560,48145,0.00110037080994425,#a1d99b
2561,48147,0.015105758505804708,#74c476
2562,48149,0.0,#ffffff
2563,48151,0.0443142671678819,#74c476
2564,48153,-0.00802816792559683,#a1d99b
2565,48155,0.0,#ffffff
2566,48157,-0.06280948612024316,#a1d99b
2567,48159,0.060748382976342094,#74c476
2568,48161,-0.016714620100528994,#a1d99b
2569,48163,0.0,#ffffff
2570,48165,0.04610769857648194,#74c476
2571,48167,0.09929336190575735,#74c476
2572,48169,0.0,#ffffff
2573,48171,0.0003471163477707527,#a1d99b
2574,48173,0.0,#ffffff
2575,48175,0.0,#ffffff
2576,48177,-0.013224535288342967,#a1d99b
2577,48179,0.011125342302008795,#74c476
2578,48181,0.0,#ffffff
2579,48183,-0.03593467932977146,#a1d99b
2580,48185,0.0,#ffffff
2581,48187,-0.019424347185710563,#a1d99b
2582,48189,0.0,#ffffff
2583,48191,0.0,#ffffff
2584,48193,0.0003003065796250393,#a1d99b
2585,48195,0.0,#ffffff
2586,48197,0.08265276135937309,#74c476
2587,48199,0.0,#ffffff
2588,48201,0.015520270463020444,#74c476
2589,48203,0.0,#ffffff
2590,48205,0.12380337962193742,#74c476
2591,48207,0.0,#ffffff
2592,48209,0.0020943078009995116,#a1d99b
2593,48211,0.0,#ffffff
2594,48213,0.0,#ffffff
2595,48215,0.0,#ffffff
2596,48217,0.0,#ffffff
2597,48219,0.0,#ffffff
2598,48221,0.0,#ffffff
2599,48223,0.0,#ffffff
2600,48225,0.0,#ffffff
2601,48227,0.0,#ffffff
2602,48229,0.0,#ffffff
2603,48231,0.0,#ffffff
2604,48233,0.0,#ffffff
2605,48235,0.0,#ffffff
2606,48237,0.0,#ffffff
2607,48239,0.0,#ffffff
2608,48241,0.0,#ffffff
2609,48243,0.0,#ffffff
2610,48245,0.0,#ffffff
2611,48247,0.0,#ffffff
2612,48249,0.015450735801503248,#74c476
2613,48251,0.2381570422806946,#41ab5d
2614,48253,0.0,#ffffff
2615,48255,0.0,#ffffff
2616,48257,0.0,#ffffff
2617,48259,0.0,#ffffff
2618,48261,0.0,#ffffff
2619,48263,0.0,#ffffff
2620,48265,0.0,#ffffff
2621,48267,0.0,#ffffff
2622,48269,0.0,#ffffff
2623,48271,0.0,#ffffff
2624,48273,0.0,#ffffff
2625,48275,0.0,#ffffff
2626,48277,0.0,#ffffff
2627,48279,0.0,#ffffff
2628,48281,0.0,#ffffff
2629,48283,-0.057535614879502484,#a1d99b
2630,48285,0.0,#ffffff
2631,48287,-0.012728248683870064,#a1d99b
2632,48289,0.0,#ffffff
2633,48291,0.0,#ffffff
2634,48293,0.0,#ffffff
2635,48295,0.0,#ffffff
2636,48297,0.0,#ffffff
2637,48299,0.0,#ffffff
2638,48301,0.0,#ffffff
2639,48303,0.002226885718813958,#a1d99b
2640,48305,0.0,#ffffff
2641,48307,0.0,#ffffff
2642,48309,0.0,#ffffff
2643,48311,0.0,#ffffff
2644,48313,0.0,#ffffff
2645,48315,0.0,#ffffff
2646,48317,0.0,#ffffff
2647,48319,0.0,#ffffff
2648,48321,0.0,#ffffff
2649,48323,0.0,#ffffff
2650,48325,0.0,#ffffff
2651,48327,0.0,#ffffff
2652,48329,0.0,#ffffff
2653,48331,0.0,#ffffff
2654,48333,0.0,#ffffff
2655,48335,0.0,#ffffff
2656,48337,0.0,#ffffff
2657,48339,0.0,#ffffff
2658,48341,0.0,#ffffff
2659,48343,0.0,#ffffff
2660,48345,0.0,#ffffff
2661,48347,0.0,#ffffff
2662,48349,0.0,#ffffff
2663,48351,0.0,#ffffff
2664,48353,0.0,#ffffff
2665,48355,0.0,#ffffff
2666,48357,0.0,#ffffff
2667,48359,0.0,#ffffff
2668,48361,0.0,#ffffff
2669,48363,0.0,#ffffff
2670,48365,0.0,#ffffff
2671,48367,0.0,#ffffff
2672,48369,0.0,#ffffff
2673,48371,0.0,#ffffff
2674,48373,0.0,#ffffff
2675,48375,0.0,#ffffff
2676,48377,0.0,#ffffff
2677,48379,0.0,#ffffff
2678,48381,0.0,#ffffff
2679,48383,0.0,#ffffff
2680,48385,0.0,#ffffff
2681,48387,0.0,#ffffff
2682,48389,0.0,#ffffff
2683,48391,0.0,#ffffff
2684,48393,0.0,#ffffff
2685,48395,0.0,#ffffff
2686,48397,0.0,#ffffff
2687,48399,0.0,#ffffff
2688,48401,0.0,#ffffff
2689,48403,0.0,#ffffff
2690,48405,0.0,#ffffff
2691,48407,0.0,#ffffff
2692,48409,0.0,#ffffff
2693,48411,0.0,#ffffff
2694,48413,0.0,#ffffff
2695,48415,0.0,#ffffff
2696,48417,0.0,#ffffff
2697,48419,0.0,#ffffff
2698,48421,0.0,#ffffff
2699,48423,0.0,#ffffff
2700,48425,0.0,#ffffff
2701,48427,0.0,#ffffff
2702,48429,0.0,#ffffff
2703,48431,0.0,#ffffff
2704,48433,0.0,#ffffff
2705,48435,0.0,#ffffff
2706,48437,0.0,#ffffff
2707,48439,0.0,#ffffff
2708,48441,0.0,#ffffff
2709,48443,0.0,#ffffff
2710,48445,0.0,#ffffff
2711,48447,0.0,#ffffff
2712,48449,-0.05778979095920635,#a1d99b
2713,48451,0.0,#ffffff
2714,48453,0.0,#ffffff
2715,48455,0.0,#ffffff
2716,48457,0.0,#ffffff
2717,48459,0.0,#ffffff
2718,48461,0.0,#ffffff
2719,48463,0.0,#ffffff
2720,48465,0.0,#ffffff
2721,48467,0.0,#ffffff
2722,48469,0.0,#ffffff
2723,48471,0.0,#ffffff
2724,48473,0.0,#ffffff
2725,48475,0.0,#ffffff
2726,48477,0.0,#ffffff
2727,48479,0.0,#ffffff
2728,48481,0.0,#ffffff
2729,48483,0.0,#ffffff
2730,48485,0.0,#ffffff
2731,48487,0.0,#ffffff
2732,48489,0.0,#ffffff
2733,48491,0.0,#ffffff
2734,48493,0.0,#ffffff
2735,48495,0.0,#ffffff
2736,48497,0.0,#ffffff
2737,48499,0.0,#ffffff
2738,48501,0.0,#ffffff
2739,48503,0.0,#ffffff
2740,48505,0.0,#ffffff
2741,48507,0.0,#ffffff
2742,49001,0.0,#ffffff
2743,49003,0.11056213637693706,#74c476
2744,49005,0.0,#ffffff
2745,49007,0.0,#ffffff
2746,49009,0.0,#ffffff
2747,49011,0.0,#ffffff
2748,49013,0.0,#ffffff
2749,49015,0.0,#ffffff
2750,49017,0.0,#ffffff
2751,49019,0.0,#ffffff
2752,49021,0.0,#ffffff
2753,49023,0.05296191937165965,#74c476
2754,49025,0.0,#ffffff
2755,49027,0.0,#ffffff
2756,49029,0.0,#ffffff
2757,49031,0.0,#ffffff
2758,49033,0.0,#ffffff
2759,49035,0.0,#ffffff
2760,49037,0.0,#ffffff
2761,49039,0.0,#ffffff
2762,49041,0.0,#ffffff
2763,49043,0.0,#ffffff
2764,49045,0.0,#ffffff
2765,49047,0.0,#ffffff
2766,49049,0.0,#ffffff
2767,49051,0.0,#ffffff
2768,49053,0.0,#ffffff
2769,49055,0.0,#ffffff
2770,49057,0.0,#ffffff
2771,50001,0.0,#ffffff
2772,50003,0.0,#ffffff
2773,50005,0.0,#ffffff
2774,50007,0.0,#ffffff
2775,50009,0.0,#ffffff
2776,50011,-0.039863859797699866,#a1d99b
2777,50013,0.0,#ffffff
2778,50015,0.0,#ffffff
2779,50017,0.0,#ffffff
2780,50019,0.0,#ffffff
2781,50021,0.0,#ffffff
2782,50023,0.0,#ffffff
2783,50025,0.0,#ffffff
2784,50027,0.0,#ffffff
2785,51001,0.0,#ffffff
2786,51003,0.0,#ffffff
2787,51005,0.0,#ffffff
2788,51007,0.0,#ffffff
2789,51009,0.0,#ffffff
2790,51011,0.0,#ffffff
2791,51013,0.0,#ffffff
2792,51015,0.0,#ffffff
2793,51017,0.0,#ffffff
2794,51019,0.0,#ffffff
2795,51021,0.0,#ffffff
2796,51023,0.0,#ffffff
2797,51025,0.0,#ffffff
2798,51027,0.0,#ffffff
2799,51029,0.0,#ffffff
2800,51031,0.0,#ffffff
2801,51033,0.0,#ffffff
2802,51035,0.0,#ffffff
2803,51036,0.0,#ffffff
2804,51037,0.0,#ffffff
2805,51041,0.0,#ffffff
2806,51043,0.0,#ffffff
2807,51045,0.0,#ffffff
2808,51047,0.0,#ffffff
2809,51049,0.0,#ffffff
2810,51051,0.0,#ffffff
2811,51053,0.0,#ffffff
2812,51057,0.0,#ffffff
2813,51059,0.0,#ffffff
2814,51061,0.0,#ffffff
2815,51063,0.0,#ffffff
2816,51065,0.048261090505410636,#74c476
2817,51067,0.0,#ffffff
2818,51069,0.0,#ffffff
2819,51071,0.0,#ffffff
2820,51073,-0.010627177714091829,#a1d99b
2821,51075,0.0,#ffffff
2822,51077,0.0,#ffffff
2823,51079,0.0,#ffffff
2824,51081,0.0,#ffffff
2825,51083,0.0,#ffffff
2826,51085,0.0,#ffffff
2827,51087,0.0,#ffffff
2828,51089,0.0,#ffffff
2829,51091,0.0,#ffffff
2830,51093,0.0,#ffffff
2831,51095,0.0,#ffffff
2832,51097,0.0,#ffffff
2833,51099,0.0,#ffffff
2834,51101,0.0,#ffffff
2835,51103,0.0,#ffffff
2836,51105,0.0,#ffffff
2837,51107,0.0,#ffffff
2838,51109,0.0,#ffffff
2839,51111,0.0,#ffffff
2840,51113,0.0,#ffffff
2841,51115,0.0,#ffffff
2842,51117,0.0,#ffffff
2843,51119,0.0,#ffffff
2844,51121,0.0,#ffffff
2845,51125,0.0,#ffffff
2846,51127,0.0,#ffffff
2847,51131,0.0,#ffffff
2848,51133,0.0,#ffffff
2849,51135,0.0,#ffffff
2850,51137,0.0,#ffffff
2851,51139,0.0,#ffffff
2852,51141,0.0,#ffffff
2853,51143,0.0,#ffffff
2854,51145,0.0,#ffffff
2855,51147,0.0,#ffffff
2856,51149,0.0,#ffffff
2857,51153,0.0,#ffffff
2858,51155,0.0,#ffffff
2859,51157,0.0,#ffffff
2860,51159,0.0,#ffffff
2861,51161,0.0,#ffffff
2862,51163,0.0,#ffffff
2863,51165,0.0,#ffffff
2864,51167,0.0,#ffffff
2865,51169,0.0,#ffffff
2866,51171,0.0,#ffffff
2867,51173,0.0,#ffffff
2868,51175,0.0,#ffffff
2869,51177,0.0,#ffffff
2870,51179,0.0,#ffffff
2871,51181,0.0,#ffffff
2872,51183,0.0,#ffffff
2873,51185,0.0,#ffffff
2874,51187,0.0,#ffffff
2875,51191,0.0,#ffffff
2876,51193,0.0,#ffffff
2877,51195,0.0,#ffffff
2878,51197,0.0,#ffffff
2879,51199,0.0,#ffffff
2880,51650,0.0,#ffffff
2881,51700,0.0,#ffffff
2882,51710,0.0,#ffffff
2883,51800,0.0,#ffffff
2884,51810,0.0,#ffffff
2885,53001,0.0,#ffffff
2886,53003,0.0,#ffffff
2887,53005,0.0,#ffffff
2888,53007,0.0,#ffffff
2889,53009,0.0,#ffffff
2890,53011,0.0,#ffffff
2891,53013,0.0,#ffffff
2892,53015,0.0,#ffffff
2893,53017,0.0,#ffffff
2894,53019,0.0,#ffffff
2895,53021,0.0,#ffffff
2896,53023,0.0,#ffffff
2897,53025,0.0,#ffffff
2898,53027,0.0,#ffffff
2899,53029,0.0,#ffffff
2900,53031,0.0,#ffffff
2901,53033,0.0,#ffffff
2902,53035,0.0,#ffffff
2903,53037,0.0,#ffffff
2904,53039,0.0,#ffffff
2905,53041,0.0,#ffffff
2906,53043,0.0,#ffffff
2907,53045,0.0,#ffffff
2908,53047,0.0,#ffffff
2909,53049,0.005052863678277373,#a1d99b
2910,53051,0.0,#ffffff
2911,53053,0.1119710831927671,#74c476
2912,53055,0.0,#ffffff
2913,53057,0.0,#ffffff
2914,53059,0.012084226988580268,#74c476
2915,53061,0.13159149128657585,#74c476
2916,53063,0.0,#ffffff
2917,53065,0.09428333217400614,#74c476
2918,53067,0.0,#ffffff
2919,53069,0.05661929288364431,#74c476
2920,53071,0.04278372345231852,#74c476
2921,53073,0.04768787159897316,#74c476
2922,53075,0.058920634590447926,#74c476
2923,53077,0.10329812950028135,#74c476
2924,54001,0.04971113521589295,#74c476
2925,54003,0.10701412553953527,#74c476
2926,54005,-0.007004377327313093,#a1d99b
2927,54007,0.07955875448176897,#74c476
2928,54009,0.17118608792419213,#74c476
2929,54011,0.018624863418751948,#74c476
2930,54013,0.23781565098853782,#41ab5d
2931,54015,0.0916254787307008,#74c476
2932,54017,0.0685909517054031,#74c476
2933,54019,0.09636529543769949,#74c476
2934,54021,0.05700605690339195,#74c476
2935,54023,0.054670149194817476,#74c476
2936,54025,0.0,#ffffff
2937,54027,0.07041079158097205,#74c476
2938,54029,0.08407433221157459,#74c476
2939,54031,-0.014972140878431775,#a1d99b
2940,54033,0.0,#ffffff
2941,54035,0.0,#ffffff
2942,54037,0.0,#ffffff
2943,54039,0.0,#ffffff
2944,54041,0.0,#ffffff
2945,54043,0.0,#ffffff
2946,54045,0.0,#ffffff
2947,54047,0.0,#ffffff
2948,54049,0.0,#ffffff
2949,54051,0.0,#ffffff
2950,54053,0.0,#ffffff
2951,54055,0.0,#ffffff
2952,54057,0.0,#ffffff
2953,54059,0.0,#ffffff
2954,54061,0.0,#ffffff
2955,54063,0.0,#ffffff
2956,54065,0.0,#ffffff
2957,54067,0.0,#ffffff
2958,54069,0.0,#ffffff
2959,54071,0.0,#ffffff
2960,54073,0.0,#ffffff
2961,54075,0.0,#ffffff
2962,54077,0.0,#ffffff
2963,54079,0.0,#ffffff
2964,54081,0.0,#ffffff
2965,54083,0.0,#ffffff
2966,54085,0.0,#ffffff
2967,54087,0.0,#ffffff
2968,54089,0.0,#ffffff
2969,54091,0.0,#ffffff
2970,54093,0.0,#ffffff
2971,54095,0.0,#ffffff
2972,54097,0.0,#ffffff
2973,54099,0.0,#ffffff
2974,54101,0.0,#ffffff
2975,54103,0.0,#ffffff
2976,54105,0.0,#ffffff
2977,54107,0.0,#ffffff
2978,54109,0.0,#ffffff
2979,55001,0.0,#ffffff
2980,55003,0.0,#ffffff
2981,55005,0.0,#ffffff
2982,55007,0.0,#ffffff
2983,55009,0.0,#ffffff
2984,55011,0.0,#ffffff
2985,55013,0.0,#ffffff
2986,55015,0.0,#ffffff
2987,55017,0.0,#ffffff
2988,55019,-0.0334004938797041,#a1d99b
2989,55021,0.04827298372865653,#74c476
2990,55023,0.0,#ffffff
2991,55025,0.0,#ffffff
2992,55027,0.0,#ffffff
2993,55029,0.0,#ffffff
2994,55031,0.1359842007045385,#74c476
2995,55033,0.036371403109340186,#74c476
2996,55035,0.0,#ffffff
2997,55037,0.0,#ffffff
2998,55039,0.0,#ffffff
2999,55041,0.0,#ffffff
3000,55043,0.0,#ffffff
3001,55045,0.0,#ffffff
3002,55047,0.0,#ffffff
3003,55049,0.0,#ffffff
3004,55051,0.0,#ffffff
3005,55053,0.0,#ffffff
3006,55055,0.0,#ffffff
3007,55057,0.0,#ffffff
3008,55059,0.0,#ffffff
3009,55061,0.0,#ffffff
3010,55063,0.0,#ffffff
3011,55065,0.0,#ffffff
3012,55067,0.0,#ffffff
3013,55069,0.0,#ffffff
3014,55071,-0.08201447206249994,#a1d99b
3015,55073,0.0,#ffffff
3016,55075,0.0,#ffffff
3017,55077,0.0,#ffffff
3018,55078,0.0,#ffffff
3019,55079,0.0,#ffffff
3020,55081,0.0,#ffffff
3021,55083,0.0,#ffffff
3022,55085,0.0,#ffffff
3023,55087,0.0,#ffffff
3024,55089,0.0,#ffffff
3025,55091,0.0,#ffffff
3026,55093,0.0,#ffffff
3027,55095,0.0,#ffffff
3028,55097,0.0,#ffffff
3029,55099,0.0,#ffffff
3030,55101,0.0,#ffffff
3031,55103,0.0,#ffffff
3032,55105,0.0,#ffffff
3033,55107,0.0,#ffffff
3034,55109,0.0,#ffffff
3035,55111,0.0,#ffffff
3036,55113,0.0,#ffffff
3037,55115,0.0,#ffffff
3038,55117,0.0,#ffffff
3039,55119,0.0,#ffffff
3040,55121,0.0,#ffffff
3041,55123,0.0,#ffffff
3042,55125,0.0,#ffffff
3043,55127,0.0,#ffffff
3044,55129,0.0,#ffffff
3045,55131,0.0,#ffffff
3046,55133,0.0,#ffffff
3047,55135,-0.009052750277480924,#a1d99b
3048,55137,0.0,#ffffff
3049,55139,0.0,#ffffff
3050,55141,0.0,#ffffff
3051,56001,0.0,#ffffff
3052,56003,0.0,#ffffff
3053,56005,0.0,#ffffff
3054,56007,0.0,#ffffff
3055,56009,0.0,#ffffff
3056,56011,0.0,#ffffff
3057,56013,0.0,#ffffff
3058,56015,0.0,#ffffff
3059,56017,0.0,#ffffff
3060,56019,0.0,#ffffff
3061,56021,0.0,#ffffff
3062,56023,0.0,#ffffff
3063,56025,0.0,#ffffff
3064,56027,0.0,#ffffff
3065,56029,0.0,#ffffff
3066,56031,-0.050407247995495744,#a1d99b
3067,56033,0.0,#ffffff
3068,56035,-0.04273350267189591,#a1d99b
3069,56037,-0.021732096606987425,#a1d99b
3070,56039,0.0,#ffffff
3071,56041,-0.00832298841232578,#a1d99b
3072,56043,0.0,#ffffff
3073,56045,0.06423729957031214,#74c476
